-- phpMyAdmin SQL Dump
-- version 4.8.3
-- https://www.phpmyadmin.net/
--
-- Host: localhost:3306
-- Generation Time: Oct 29, 2019 at 02:47 AM
-- Server version: 5.7.23
-- PHP Version: 7.2.10

SET SQL_MODE = "NO_AUTO_VALUE_ON_ZERO";
SET time_zone = "+00:00";


/*!40101 SET @OLD_CHARACTER_SET_CLIENT=@@CHARACTER_SET_CLIENT */;
/*!40101 SET @OLD_CHARACTER_SET_RESULTS=@@CHARACTER_SET_RESULTS */;
/*!40101 SET @OLD_COLLATION_CONNECTION=@@COLLATION_CONNECTION */;
/*!40101 SET NAMES utf8mb4 */;

--
-- Database: `eapi`
--

-- --------------------------------------------------------

--
-- Table structure for table `migrations`
--

CREATE TABLE `migrations` (
  `id` int(10) UNSIGNED NOT NULL,
  `migration` varchar(255) COLLATE utf8mb4_unicode_ci NOT NULL,
  `batch` int(11) NOT NULL
) ENGINE=InnoDB DEFAULT CHARSET=utf8mb4 COLLATE=utf8mb4_unicode_ci;

--
-- Dumping data for table `migrations`
--

INSERT INTO `migrations` (`id`, `migration`, `batch`) VALUES
(1, '2014_10_12_000000_create_users_table', 1),
(2, '2014_10_12_100000_create_password_resets_table', 1),
(3, '2019_10_29_014650_create_products_table', 1),
(4, '2019_10_29_014709_create_reviews_table', 1);

-- --------------------------------------------------------

--
-- Table structure for table `password_resets`
--

CREATE TABLE `password_resets` (
  `email` varchar(255) COLLATE utf8mb4_unicode_ci NOT NULL,
  `token` varchar(255) COLLATE utf8mb4_unicode_ci NOT NULL,
  `created_at` timestamp NULL DEFAULT NULL
) ENGINE=InnoDB DEFAULT CHARSET=utf8mb4 COLLATE=utf8mb4_unicode_ci;

-- --------------------------------------------------------

--
-- Table structure for table `products`
--

CREATE TABLE `products` (
  `id` int(10) UNSIGNED NOT NULL,
  `name` varchar(255) COLLATE utf8mb4_unicode_ci NOT NULL,
  `detail` text COLLATE utf8mb4_unicode_ci NOT NULL,
  `price` int(11) NOT NULL,
  `stock` int(11) NOT NULL,
  `discount` int(11) NOT NULL,
  `created_at` timestamp NULL DEFAULT NULL,
  `updated_at` timestamp NULL DEFAULT NULL
) ENGINE=InnoDB DEFAULT CHARSET=utf8mb4 COLLATE=utf8mb4_unicode_ci;

--
-- Dumping data for table `products`
--

INSERT INTO `products` (`id`, `name`, `detail`, `price`, `stock`, `discount`, `created_at`, `updated_at`) VALUES
(1, 'nam', 'Nihil voluptatibus non consequatur enim. Vel voluptatem quia maxime exercitationem inventore. Modi est atque sed ad.', 303, 1, 25, '2019-10-29 06:43:09', '2019-10-29 06:43:09'),
(2, 'voluptatem', 'Asperiores tenetur hic necessitatibus amet autem minima ipsum. Ut in suscipit voluptatem ad. Veritatis vel sint debitis est. Iste sit magnam repudiandae voluptatem voluptatem ratione. Quae facilis tenetur ea et.', 285, 8, 13, '2019-10-29 06:43:09', '2019-10-29 06:43:09'),
(3, 'ipsum', 'Quasi dolore omnis distinctio qui ut. Optio numquam eligendi magni adipisci est qui dicta et. Porro voluptas consequatur odio blanditiis saepe. Autem sequi expedita sequi debitis aut nam voluptatem et.', 666, 1, 7, '2019-10-29 06:43:09', '2019-10-29 06:43:09'),
(4, 'et', 'Eum facilis enim nesciunt quaerat non libero. Sed reiciendis sequi omnis quas similique vitae rerum. Corporis omnis ut in est. Voluptate laborum qui voluptatem rem dolores eos.', 532, 6, 4, '2019-10-29 06:43:09', '2019-10-29 06:43:09'),
(5, 'iure', 'Fugit dicta asperiores officiis architecto dignissimos. Et quibusdam accusantium omnis temporibus occaecati repudiandae. Id quae est maxime aliquam.', 770, 7, 4, '2019-10-29 06:43:09', '2019-10-29 06:43:09'),
(6, 'nisi', 'Ullam animi rerum dolorum recusandae ut autem. Vel quia ut ut molestiae. Molestias aspernatur iste nulla quis reprehenderit pariatur explicabo. Culpa eius alias excepturi et dolore quia officiis.', 106, 4, 29, '2019-10-29 06:43:09', '2019-10-29 06:43:09'),
(7, 'repellendus', 'Eos voluptates molestiae velit quia libero ut voluptas animi. Veritatis repellat id harum debitis rerum qui atque iste. Veniam excepturi ad temporibus aut quia. Voluptas aut perspiciatis quia dolore repudiandae ut.', 750, 3, 30, '2019-10-29 06:43:09', '2019-10-29 06:43:09'),
(8, 'velit', 'Aperiam natus asperiores vitae aut autem fuga officia. Porro reprehenderit cupiditate aliquid iure pariatur possimus. Incidunt corporis vero vel atque. Excepturi nihil sunt dolor aut et minima sunt. Deserunt quia et quo fugiat doloribus non ad.', 800, 5, 11, '2019-10-29 06:43:09', '2019-10-29 06:43:09'),
(9, 'animi', 'Perspiciatis temporibus velit placeat itaque. Dolor numquam ea ea facilis ea. Rerum voluptatem quod expedita. Nemo amet sint sapiente illo.', 519, 8, 2, '2019-10-29 06:43:09', '2019-10-29 06:43:09'),
(10, 'ut', 'Sunt est quia est ea unde qui. Hic dolores est aliquid nisi et maxime. Recusandae quam asperiores iste aliquid sint a.', 877, 3, 24, '2019-10-29 06:43:09', '2019-10-29 06:43:09'),
(11, 'facilis', 'Iusto voluptatum voluptatum enim adipisci distinctio ducimus ut. Qui pariatur ut voluptas. Nemo iusto quibusdam voluptates sit esse. Debitis nostrum non ab porro.', 595, 1, 30, '2019-10-29 06:43:09', '2019-10-29 06:43:09'),
(12, 'voluptatem', 'Ut amet non provident accusantium tempore et suscipit aut. Aliquid quisquam non qui sunt nulla libero vel. Et in ab ut molestias id.', 369, 2, 17, '2019-10-29 06:43:09', '2019-10-29 06:43:09'),
(13, 'deleniti', 'Repellendus aperiam eum ut delectus optio fugiat. Cupiditate ratione minima tenetur. Velit quae temporibus maxime odio maxime.', 768, 6, 9, '2019-10-29 06:43:09', '2019-10-29 06:43:09'),
(14, 'praesentium', 'Blanditiis rem perferendis hic et nesciunt mollitia voluptate. Quaerat placeat est laboriosam eum. Suscipit sequi maxime quam nulla dolore quia commodi.', 264, 7, 21, '2019-10-29 06:43:09', '2019-10-29 06:43:09'),
(15, 'ut', 'Magni placeat accusantium fuga et vitae animi. Deserunt porro enim quia quia. Placeat placeat omnis temporibus officiis non nulla.', 932, 8, 20, '2019-10-29 06:43:09', '2019-10-29 06:43:09'),
(16, 'iste', 'Aut qui non ut magnam aspernatur reprehenderit. Consequatur explicabo sit dolorem quod sed sed architecto. Suscipit ut voluptas iste. Sunt et labore laudantium aut sequi in et.', 776, 7, 22, '2019-10-29 06:43:09', '2019-10-29 06:43:09'),
(17, 'voluptatum', 'Pariatur maiores laudantium dolore eveniet magnam similique distinctio. Ullam facilis nostrum dolores laboriosam incidunt aliquam et optio. Exercitationem quibusdam possimus nihil vel minima.', 259, 2, 5, '2019-10-29 06:43:09', '2019-10-29 06:43:09'),
(18, 'voluptatum', 'Adipisci et excepturi voluptas ex molestiae ipsam. Nulla id illum provident expedita eaque fugit ea nesciunt. Unde dolor aut id sit et eum aperiam nihil.', 850, 3, 12, '2019-10-29 06:43:09', '2019-10-29 06:43:09'),
(19, 'ab', 'Aut facere iusto eaque porro non et recusandae aliquid. Nam molestiae repudiandae minus laboriosam ducimus sit id. Reprehenderit placeat molestiae sed quidem non consequuntur.', 415, 3, 3, '2019-10-29 06:43:09', '2019-10-29 06:43:09'),
(20, 'et', 'Nulla facere quisquam ab incidunt. Iure officia maxime cupiditate libero et itaque dolorem. Alias qui magnam quo consequatur dolor nesciunt. Accusantium est vel ad dignissimos.', 445, 0, 17, '2019-10-29 06:43:09', '2019-10-29 06:43:09'),
(21, 'omnis', 'Quae ut voluptatem amet dolorum necessitatibus illo. Dicta impedit commodi commodi nihil. Modi omnis sint sed accusamus ex itaque voluptate. Nihil nihil voluptas ad voluptate. Eius quam reiciendis occaecati voluptates culpa fugit quisquam.', 805, 8, 14, '2019-10-29 06:43:09', '2019-10-29 06:43:09'),
(22, 'voluptatibus', 'Nihil molestiae temporibus natus non. Dolores aliquid voluptatibus et magnam voluptatem assumenda dignissimos. Beatae qui fuga qui autem. Iusto voluptatibus qui maiores ab perspiciatis dolorem porro.', 604, 9, 22, '2019-10-29 06:43:09', '2019-10-29 06:43:09'),
(23, 'esse', 'Sit aliquam numquam neque pariatur. Molestias ut qui consectetur et est ipsum et. Inventore recusandae amet dignissimos qui ullam. Ut corporis velit et in maxime distinctio. Itaque officia dolorem omnis asperiores sunt qui.', 596, 1, 18, '2019-10-29 06:43:09', '2019-10-29 06:43:09'),
(24, 'officiis', 'Omnis occaecati velit sed velit nobis. Est a provident provident consequatur. Sequi quas nam facilis sequi atque rerum.', 993, 0, 22, '2019-10-29 06:43:09', '2019-10-29 06:43:09'),
(25, 'sed', 'Ratione ut optio alias excepturi. Iusto aut modi perspiciatis repudiandae totam modi earum. Aut et unde deleniti quia nam rem ipsam. Et aut ut magni animi quas.', 911, 5, 11, '2019-10-29 06:43:09', '2019-10-29 06:43:09'),
(26, 'occaecati', 'Dolores ad ea quisquam voluptas omnis voluptas commodi. Architecto dolores tempora distinctio provident. Tenetur sequi optio dolores sunt. Et velit libero et ea.', 329, 3, 7, '2019-10-29 06:43:09', '2019-10-29 06:43:09'),
(27, 'commodi', 'Maiores earum nihil voluptatem. Facilis eveniet saepe ut id commodi consequatur quae accusamus. Quis eaque corporis sint ipsa minima consequuntur.', 581, 0, 13, '2019-10-29 06:43:09', '2019-10-29 06:43:09'),
(28, 'suscipit', 'Cum est asperiores et aut aspernatur omnis. Voluptas aut explicabo optio amet esse tempore.', 753, 7, 20, '2019-10-29 06:43:09', '2019-10-29 06:43:09'),
(29, 'odit', 'Quod eveniet incidunt beatae quae sint in. In tempora sit accusantium nulla. Officiis maiores autem magnam qui iure facilis. Omnis eligendi voluptas commodi adipisci est iste. Ipsa ipsa minima eaque et possimus.', 324, 0, 3, '2019-10-29 06:43:09', '2019-10-29 06:43:09'),
(30, 'ipsa', 'Eveniet et facere natus qui. Neque officiis aut facilis aut ipsa nemo aut soluta. Molestiae consequatur laboriosam illo et incidunt.', 331, 6, 27, '2019-10-29 06:43:09', '2019-10-29 06:43:09'),
(31, 'iste', 'Qui eum ipsum optio enim earum aut. Soluta officia quasi quia. Ea molestiae quae velit facilis minus.', 271, 6, 5, '2019-10-29 06:43:09', '2019-10-29 06:43:09'),
(32, 'aut', 'Aspernatur qui nisi nulla porro enim optio atque. Quibusdam et atque beatae molestias quo. Consectetur tempora cupiditate sit et.', 667, 7, 11, '2019-10-29 06:43:09', '2019-10-29 06:43:09'),
(33, 'ducimus', 'Dolores nam dolores placeat quia blanditiis tempora voluptas. Eaque accusamus debitis atque fugiat fuga est autem. Magni alias repellat qui et. Qui in reprehenderit nostrum exercitationem.', 980, 6, 4, '2019-10-29 06:43:09', '2019-10-29 06:43:09'),
(34, 'eos', 'Ut corporis consequatur fugit sint. Sunt omnis laudantium qui qui praesentium. Ullam omnis tempora omnis aut nemo dolorem autem. Quibusdam consequatur quis est rerum voluptates.', 281, 2, 8, '2019-10-29 06:43:09', '2019-10-29 06:43:09'),
(35, 'ex', 'Impedit a debitis excepturi et accusantium eum quibusdam pariatur. Alias quibusdam ut alias sapiente eveniet laboriosam. Quasi ut harum sunt reprehenderit architecto expedita.', 895, 8, 10, '2019-10-29 06:43:09', '2019-10-29 06:43:09'),
(36, 'omnis', 'Aliquid officiis deserunt ullam sapiente nostrum voluptatem. Aut et qui magni id consequuntur voluptatum consequuntur omnis. Rerum adipisci quo ratione labore. Quaerat recusandae voluptatem laboriosam iusto minus est repudiandae. Nam sint optio nisi molestiae voluptatem minima.', 454, 2, 6, '2019-10-29 06:43:09', '2019-10-29 06:43:09'),
(37, 'qui', 'Illo harum impedit repellendus. Beatae dolore impedit quaerat eos rem dignissimos alias. Sequi nostrum optio blanditiis est possimus. Porro delectus sequi tempora voluptatem minus deleniti.', 524, 2, 4, '2019-10-29 06:43:09', '2019-10-29 06:43:09'),
(38, 'unde', 'Ad labore voluptatem autem ab fuga. Molestiae distinctio aliquam sit est non provident fugiat. Sapiente accusamus unde omnis rem in aspernatur.', 442, 8, 2, '2019-10-29 06:43:09', '2019-10-29 06:43:09'),
(39, 'voluptatem', 'In aut voluptates sequi impedit. Sapiente libero natus nesciunt fuga. Numquam nobis molestiae consequatur placeat labore ut quis.', 502, 1, 29, '2019-10-29 06:43:09', '2019-10-29 06:43:09'),
(40, 'sed', 'Et odit sit autem voluptatem. Dicta ab doloremque placeat consequatur. Tenetur quisquam quia quia provident ratione mollitia.', 992, 8, 20, '2019-10-29 06:43:09', '2019-10-29 06:43:09'),
(41, 'numquam', 'Aperiam dolorum voluptatibus ea enim. Porro iste aspernatur ratione voluptas. Est et et vel fugit voluptates nobis suscipit molestiae.', 206, 6, 30, '2019-10-29 06:43:09', '2019-10-29 06:43:09'),
(42, 'earum', 'Cupiditate recusandae placeat perspiciatis sed itaque sed eveniet enim. Saepe iure dolor quia dolorem est tempore.', 939, 5, 6, '2019-10-29 06:43:09', '2019-10-29 06:43:09'),
(43, 'voluptatibus', 'Dolor eos error quasi molestiae pariatur est. Hic aperiam in ut sapiente sint. Vitae possimus fuga molestiae tempore consectetur voluptas numquam.', 969, 9, 13, '2019-10-29 06:43:09', '2019-10-29 06:43:09'),
(44, 'non', 'Ipsum aliquam consequatur in quis. Illo esse dolore harum et. Enim sit laborum neque.', 226, 9, 2, '2019-10-29 06:43:09', '2019-10-29 06:43:09'),
(45, 'consectetur', 'Et error accusantium qui nesciunt totam. Sunt sed libero sint. Ducimus officiis ut recusandae eius natus exercitationem ipsum.', 702, 0, 11, '2019-10-29 06:43:09', '2019-10-29 06:43:09'),
(46, 'et', 'Placeat ipsa nesciunt reprehenderit id et. Repellat voluptas deserunt autem.', 275, 4, 9, '2019-10-29 06:43:09', '2019-10-29 06:43:09'),
(47, 'et', 'Voluptatem ullam ducimus unde qui ut minima. Possimus ipsum totam ipsa amet est libero. Dolor dolores temporibus iure est sunt et.', 480, 3, 18, '2019-10-29 06:43:09', '2019-10-29 06:43:09'),
(48, 'optio', 'Recusandae quasi fugiat et non rerum exercitationem. Sit nostrum reiciendis velit quos placeat animi minus. Quia autem repudiandae ratione optio et provident cumque corrupti. Pariatur ducimus aspernatur eveniet veritatis quod.', 576, 4, 23, '2019-10-29 06:43:09', '2019-10-29 06:43:09'),
(49, 'voluptate', 'Ut blanditiis corrupti neque nihil est facilis. Omnis est et quas. Ut ipsam ut voluptatem qui cum minus sequi. Maxime ex praesentium sequi magni et earum et aspernatur.', 131, 6, 13, '2019-10-29 06:43:09', '2019-10-29 06:43:09'),
(50, 'quod', 'Quia minus esse perspiciatis eaque quo. Provident suscipit delectus sed veniam. Necessitatibus autem non vero et consequatur qui in. Cumque quibusdam repellendus rem sunt consequuntur.', 554, 3, 22, '2019-10-29 06:43:09', '2019-10-29 06:43:09'),
(51, 'iure', 'Quasi qui esse eos aliquam autem iure sed. Ex sed eaque velit quisquam quidem delectus qui. Laudantium sit et eum nihil.', 849, 0, 20, '2019-10-29 06:46:29', '2019-10-29 06:46:29'),
(52, 'vero', 'Voluptates atque aut natus quidem error saepe nostrum. Ducimus quibusdam id ab totam non excepturi molestiae. Iure et nihil libero. Sint ut corrupti quo qui sequi odio est.', 994, 2, 11, '2019-10-29 06:46:29', '2019-10-29 06:46:29'),
(53, 'ut', 'Reprehenderit nihil consequatur aspernatur velit totam velit vel. Repellendus libero sed ipsum voluptatem minus. Ea vel temporibus quia dolore deserunt explicabo nulla.', 516, 4, 29, '2019-10-29 06:46:29', '2019-10-29 06:46:29'),
(54, 'molestiae', 'Distinctio vel odio laborum enim. Quia est ipsum ea enim. Occaecati et non deleniti exercitationem nesciunt vero nihil perspiciatis. Cupiditate et dolore non sed.', 469, 5, 30, '2019-10-29 06:46:29', '2019-10-29 06:46:29'),
(55, 'voluptas', 'Illo iure omnis doloribus esse. Alias ex esse soluta provident commodi quaerat. Aliquid quia deleniti distinctio. Minima ea explicabo suscipit voluptatem.', 753, 3, 11, '2019-10-29 06:46:29', '2019-10-29 06:46:29'),
(56, 'dolore', 'Enim magni aliquam nesciunt. Aut sed qui deleniti ducimus. Maxime tempora hic beatae odio fuga. Eaque dolores amet aliquid voluptate.', 997, 3, 25, '2019-10-29 06:46:29', '2019-10-29 06:46:29'),
(57, 'at', 'Odio dolor quos aut omnis esse at sint et. Necessitatibus autem dolore aut. Sint quisquam maxime asperiores doloremque doloremque.', 791, 2, 21, '2019-10-29 06:46:29', '2019-10-29 06:46:29'),
(58, 'autem', 'Sint mollitia quae voluptatibus quis veritatis expedita qui. Et voluptatem aut veniam vitae quasi vero voluptatem placeat. Quam ut corrupti consequatur nostrum. Maxime qui rem ea corporis. Atque doloremque qui voluptatem distinctio delectus error.', 900, 3, 9, '2019-10-29 06:46:29', '2019-10-29 06:46:29'),
(59, 'et', 'Ad porro in debitis fugiat non molestiae inventore. In perspiciatis sed porro quo qui nam ut. Neque distinctio ut omnis officia. Ut dolorem et autem nobis sed culpa culpa.', 387, 6, 17, '2019-10-29 06:46:29', '2019-10-29 06:46:29'),
(60, 'deleniti', 'Vero porro qui voluptate pariatur consectetur et. Modi expedita aut minima non explicabo. Illo qui illum vel provident.', 273, 9, 3, '2019-10-29 06:46:29', '2019-10-29 06:46:29'),
(61, 'numquam', 'Aliquam adipisci et accusantium ratione est in exercitationem repellendus. Omnis molestiae architecto quia molestiae qui. Cumque blanditiis dolores repellendus accusantium.', 826, 5, 13, '2019-10-29 06:46:29', '2019-10-29 06:46:29'),
(62, 'qui', 'Et aliquid accusantium nemo voluptatibus dolor officia. Saepe voluptatem architecto ullam modi ut eos. Enim error deleniti occaecati modi in minima ipsa.', 292, 8, 28, '2019-10-29 06:46:29', '2019-10-29 06:46:29'),
(63, 'officiis', 'Officiis tempora eius rerum recusandae natus. Et natus officiis non ut et maiores. Velit eligendi vitae labore commodi. Exercitationem et omnis a nulla et quia beatae quia.', 260, 2, 19, '2019-10-29 06:46:29', '2019-10-29 06:46:29'),
(64, 'quaerat', 'Cum excepturi quas vel ipsa sed consequatur. Dolores rerum itaque est eaque. Ut ea aut quaerat enim delectus.', 425, 5, 30, '2019-10-29 06:46:29', '2019-10-29 06:46:29'),
(65, 'eius', 'Distinctio dolor vitae aliquid eligendi libero odit aut. Illum quia dolores sed sunt. Aliquid consequatur maiores aut sit autem velit. Ad a alias nobis voluptatem nemo enim.', 423, 7, 27, '2019-10-29 06:46:29', '2019-10-29 06:46:29'),
(66, 'sapiente', 'Est vitae quis velit consequatur sed. Quos illum iure quisquam et et. In nisi eos eveniet. Eaque a quasi quas suscipit consequatur. Sit maxime voluptas ea similique eligendi autem.', 252, 6, 2, '2019-10-29 06:46:29', '2019-10-29 06:46:29'),
(67, 'veritatis', 'Facere eum magnam quia facere voluptate aut voluptatibus. Officiis aut fugiat doloremque reiciendis. Harum eveniet et iure earum.', 608, 3, 25, '2019-10-29 06:46:29', '2019-10-29 06:46:29'),
(68, 'ut', 'Consequatur eius voluptas voluptatibus consequatur. Fugit aliquid veniam repudiandae enim quisquam. Recusandae facere similique asperiores debitis dolor voluptatem. Animi ipsam in quia qui.', 946, 4, 27, '2019-10-29 06:46:29', '2019-10-29 06:46:29'),
(69, 'omnis', 'Blanditiis amet quae ut ut itaque. Et quidem amet nobis. Temporibus et fuga quos nihil nesciunt recusandae aliquid.', 417, 4, 7, '2019-10-29 06:46:29', '2019-10-29 06:46:29'),
(70, 'voluptatem', 'Dignissimos necessitatibus eius vero itaque nesciunt in. Aspernatur ea tempore ut voluptatem dolores. Pariatur cumque id omnis quis dolorum.', 864, 0, 20, '2019-10-29 06:46:29', '2019-10-29 06:46:29'),
(71, 'soluta', 'Mollitia unde aut nesciunt voluptatem. Rem ut odit qui sint quod placeat expedita. Hic commodi qui mollitia. Nesciunt ad illum totam quisquam rerum quia maxime sed.', 380, 1, 27, '2019-10-29 06:46:29', '2019-10-29 06:46:29'),
(72, 'neque', 'Eveniet quasi ut fugit voluptatem voluptatem est sit. Aut maiores eligendi ex quisquam nihil. Id beatae quis nesciunt a pariatur odio assumenda.', 572, 4, 10, '2019-10-29 06:46:29', '2019-10-29 06:46:29'),
(73, 'debitis', 'Voluptas sequi dolorem aut voluptatem. Dolorem nihil accusamus et minus.', 817, 6, 2, '2019-10-29 06:46:29', '2019-10-29 06:46:29'),
(74, 'est', 'Enim reprehenderit iste consectetur. Numquam reprehenderit et qui. Minima dolorum adipisci esse quo dignissimos.', 404, 2, 11, '2019-10-29 06:46:29', '2019-10-29 06:46:29'),
(75, 'tempora', 'Quidem quasi quia tempore eaque. Et molestiae odit aut. Qui sit unde hic. Dicta occaecati ipsa temporibus et.', 450, 1, 19, '2019-10-29 06:46:29', '2019-10-29 06:46:29'),
(76, 'similique', 'Totam inventore ea in error. Tenetur accusamus explicabo earum aperiam corrupti sint ea quis. Quia perferendis optio nobis minima ratione doloribus molestiae. Facilis in hic architecto qui ipsam velit.', 697, 9, 30, '2019-10-29 06:46:29', '2019-10-29 06:46:29'),
(77, 'in', 'Cumque eos magni et non. Dolorem id et sint magni. Odio molestias qui cupiditate recusandae odio a. Quis aut incidunt non dolores eos ut.', 191, 0, 4, '2019-10-29 06:46:29', '2019-10-29 06:46:29'),
(78, 'suscipit', 'Facilis necessitatibus expedita vitae possimus ut delectus qui. Rerum temporibus corrupti magni.', 107, 9, 15, '2019-10-29 06:46:29', '2019-10-29 06:46:29'),
(79, 'iste', 'Voluptatem sed sunt vel quo blanditiis. Facere eligendi porro quasi molestiae cum dolor.', 399, 7, 10, '2019-10-29 06:46:29', '2019-10-29 06:46:29'),
(80, 'ad', 'Nulla voluptatem ut magnam fuga sint quas pariatur dolores. Accusantium et debitis eum. Dolores laudantium deserunt laboriosam sed qui unde. Et facilis est vero quasi.', 423, 1, 2, '2019-10-29 06:46:29', '2019-10-29 06:46:29'),
(81, 'facilis', 'Eius sapiente harum hic. Et rem recusandae natus voluptatem aut eos. Placeat possimus dolorum vero fugit iste placeat perspiciatis.', 862, 8, 10, '2019-10-29 06:46:29', '2019-10-29 06:46:29'),
(82, 'optio', 'Eaque ullam ducimus odit omnis assumenda. Dignissimos labore laborum earum nobis sunt. Error qui repudiandae blanditiis aut nisi. Voluptatibus nobis aut delectus et neque a quis.', 838, 1, 28, '2019-10-29 06:46:29', '2019-10-29 06:46:29'),
(83, 'ut', 'Et suscipit odit vel. Nihil laudantium labore rem eos aperiam autem fugit facere. At quo occaecati recusandae quis maxime.', 559, 6, 25, '2019-10-29 06:46:29', '2019-10-29 06:46:29'),
(84, 'sed', 'Consequatur perspiciatis suscipit expedita enim velit corrupti. Iure et consequatur aut facilis quas excepturi. Sunt reprehenderit cum laborum quia. Voluptatum doloremque cupiditate perspiciatis.', 537, 9, 9, '2019-10-29 06:46:29', '2019-10-29 06:46:29'),
(85, 'pariatur', 'Velit placeat accusamus porro. Vero aut ex ut tempore saepe quod autem aut. Temporibus aut exercitationem dolor reiciendis et doloremque.', 717, 2, 23, '2019-10-29 06:46:29', '2019-10-29 06:46:29'),
(86, 'deleniti', 'Aliquid assumenda et occaecati veniam alias libero. Sint quis nihil quo saepe. Amet qui voluptate inventore optio reiciendis.', 319, 0, 14, '2019-10-29 06:46:29', '2019-10-29 06:46:29'),
(87, 'et', 'A ut consectetur est. Voluptas voluptates eveniet eius iste explicabo perferendis et.', 730, 2, 26, '2019-10-29 06:46:29', '2019-10-29 06:46:29'),
(88, 'nobis', 'Eligendi sit nulla quia fuga esse. Nihil corporis est explicabo labore velit labore. Excepturi ut quo ab. At ratione cumque rerum nemo aut sed fugiat.', 445, 7, 21, '2019-10-29 06:46:29', '2019-10-29 06:46:29'),
(89, 'qui', 'Sed minima nostrum molestiae rerum ex corrupti. Praesentium rerum eos voluptas.', 138, 5, 15, '2019-10-29 06:46:29', '2019-10-29 06:46:29'),
(90, 'neque', 'Est tenetur id consequuntur tenetur odio iste. Eum placeat voluptatum voluptatem aliquam tempora necessitatibus quia. Quo dignissimos libero ipsam.', 930, 3, 29, '2019-10-29 06:46:29', '2019-10-29 06:46:29'),
(91, 'non', 'Tempora autem architecto aut est voluptatibus. Eos magnam nisi et aperiam est. Consequuntur exercitationem aspernatur et sint nulla. Quidem illum reiciendis qui sit optio natus est.', 201, 9, 22, '2019-10-29 06:46:29', '2019-10-29 06:46:29'),
(92, 'aut', 'Sit veniam voluptatibus culpa. Totam libero ut dolorem optio est. Aut alias numquam mollitia earum corrupti quisquam ut quo. Possimus fuga repellat repudiandae sint sed occaecati distinctio.', 984, 1, 12, '2019-10-29 06:46:29', '2019-10-29 06:46:29'),
(93, 'iure', 'Qui sit totam quia optio ad ut deleniti. Aut dicta est magnam delectus. Velit possimus expedita enim maxime aut non. Facere ex voluptatem velit totam vel optio quo.', 868, 1, 7, '2019-10-29 06:46:29', '2019-10-29 06:46:29'),
(94, 'quae', 'Earum qui eaque enim eaque non voluptates. Ad porro quod debitis fugit est sunt omnis. Temporibus necessitatibus aliquam repudiandae et quis aut. Sapiente nostrum temporibus eum aspernatur provident eveniet.', 515, 8, 20, '2019-10-29 06:46:29', '2019-10-29 06:46:29'),
(95, 'voluptas', 'Dolorem ipsa repellat molestias voluptate et dolorum dignissimos. Iste expedita non tenetur voluptas eos maxime nesciunt. Veritatis suscipit ut fuga ipsa.', 535, 2, 20, '2019-10-29 06:46:29', '2019-10-29 06:46:29'),
(96, 'ut', 'Optio perspiciatis labore et esse. Optio enim reiciendis in. Asperiores ad facilis quo omnis quia. Enim enim placeat totam magni delectus cumque.', 479, 4, 14, '2019-10-29 06:46:29', '2019-10-29 06:46:29'),
(97, 'eum', 'Sed excepturi rerum rerum temporibus et consequuntur voluptas. Odio dignissimos voluptatem aliquam asperiores. Quia maiores ut numquam molestiae est voluptate possimus.', 468, 3, 27, '2019-10-29 06:46:29', '2019-10-29 06:46:29'),
(98, 'deleniti', 'Sunt molestiae unde et beatae. Sint et neque minus ut eum et autem. Vel ipsa magni sapiente quo aperiam qui id. Et at eaque sapiente et commodi. Fuga sit non error quod aut.', 894, 1, 8, '2019-10-29 06:46:29', '2019-10-29 06:46:29'),
(99, 'dolor', 'Sint similique eligendi perspiciatis quidem nisi molestias. Dolorem quibusdam impedit praesentium et omnis quo laborum. Cum reprehenderit et dolor eius provident aspernatur incidunt. Corrupti corporis autem quasi aut quod ut.', 221, 6, 10, '2019-10-29 06:46:29', '2019-10-29 06:46:29'),
(100, 'ipsam', 'Non repudiandae consequatur aut. Sed tempore expedita distinctio quod sed. Vel ut perspiciatis velit commodi impedit. Nobis est ut aspernatur occaecati autem vero et. Suscipit itaque ratione officiis alias minima asperiores.', 712, 5, 15, '2019-10-29 06:46:29', '2019-10-29 06:46:29');

-- --------------------------------------------------------

--
-- Table structure for table `reviews`
--

CREATE TABLE `reviews` (
  `id` int(10) UNSIGNED NOT NULL,
  `product_id` int(10) UNSIGNED NOT NULL,
  `customer` varchar(255) COLLATE utf8mb4_unicode_ci NOT NULL,
  `review` text COLLATE utf8mb4_unicode_ci NOT NULL,
  `star` int(11) NOT NULL,
  `created_at` timestamp NULL DEFAULT NULL,
  `updated_at` timestamp NULL DEFAULT NULL
) ENGINE=InnoDB DEFAULT CHARSET=utf8mb4 COLLATE=utf8mb4_unicode_ci;

--
-- Dumping data for table `reviews`
--

INSERT INTO `reviews` (`id`, `product_id`, `customer`, `review`, `star`, `created_at`, `updated_at`) VALUES
(1, 83, 'Lolita Stanton V', 'Dolores nobis et possimus commodi officiis et nobis. Iusto quisquam quia numquam magnam. Et suscipit dignissimos ut iste qui sint aut.', 4, '2019-10-29 06:46:29', '2019-10-29 06:46:29'),
(2, 3, 'Gerda Bergnaum', 'Numquam qui nisi error fugit. Ut exercitationem illo amet libero sed neque. Tenetur numquam provident enim consequatur.', 1, '2019-10-29 06:46:29', '2019-10-29 06:46:29'),
(3, 91, 'Prof. Demond Schroeder', 'Iure iste molestiae iste est. Sapiente ut itaque magnam cupiditate sunt quaerat. Asperiores repellat qui cupiditate consequatur nam et rerum. Iusto non ut architecto impedit ut est.', 2, '2019-10-29 06:46:29', '2019-10-29 06:46:29'),
(4, 18, 'Lorenzo Eichmann MD', 'Incidunt tempore optio mollitia voluptatibus deleniti doloribus. Itaque repellat rerum repudiandae reprehenderit facere sit ducimus. Doloribus dolores recusandae est libero quia distinctio dignissimos nihil.', 0, '2019-10-29 06:46:29', '2019-10-29 06:46:29'),
(5, 49, 'Mr. Schuyler Ferry', 'Sed quia cumque tenetur necessitatibus quaerat. Aliquid modi dolores dicta impedit debitis eveniet.', 5, '2019-10-29 06:46:29', '2019-10-29 06:46:29'),
(6, 2, 'Isaac Crooks DVM', 'Nobis perspiciatis iure ipsam qui. Et quaerat sint qui doloribus enim a autem. Pariatur nisi atque nisi voluptas libero eius est quia.', 3, '2019-10-29 06:46:29', '2019-10-29 06:46:29'),
(7, 65, 'Payton Feil', 'Expedita nam non aut earum id. Sit deleniti qui hic tenetur quos dolorum eos. Cum ex omnis consectetur quo omnis. Repudiandae et recusandae veniam dicta iste ex repudiandae et. Labore cum ab nesciunt corporis voluptatem non animi.', 3, '2019-10-29 06:46:29', '2019-10-29 06:46:29'),
(8, 21, 'Mr. Nigel Beatty DDS', 'Aut rerum molestiae iusto. Voluptatum repellat perspiciatis ea amet sit. Necessitatibus corporis assumenda nobis impedit dolorem et.', 1, '2019-10-29 06:46:29', '2019-10-29 06:46:29'),
(9, 24, 'Dr. Lemuel Osinski', 'Nisi aut sed labore at. Dolorum eius tempore quidem sit similique. Earum ratione autem cupiditate laboriosam est quidem.', 0, '2019-10-29 06:46:29', '2019-10-29 06:46:29'),
(10, 97, 'Prof. Marianne Bins I', 'Eligendi modi aut aut et minima quia. Accusamus laboriosam modi sunt explicabo doloremque. Neque facilis fugiat aut quis vero consequatur.', 0, '2019-10-29 06:46:29', '2019-10-29 06:46:29'),
(11, 47, 'Heather Lemke', 'Velit dolore quia iste vel architecto dolorem eaque vero. Excepturi aut minus occaecati inventore est. Omnis et inventore ea autem repudiandae. Totam sed inventore enim error repellat aspernatur.', 0, '2019-10-29 06:46:29', '2019-10-29 06:46:29'),
(12, 58, 'Chloe Runolfsson', 'Quia consequatur libero assumenda quaerat debitis magni commodi. Sequi qui doloremque recusandae quibusdam unde.', 2, '2019-10-29 06:46:29', '2019-10-29 06:46:29'),
(13, 51, 'Antwon Lehner', 'Ea sit tempore ducimus aut quasi soluta temporibus. Aperiam occaecati illum et doloribus. Amet hic quia dolor voluptatem tempora modi ducimus sed. Vel rem ipsa numquam sapiente aliquid ut voluptate modi.', 1, '2019-10-29 06:46:29', '2019-10-29 06:46:29'),
(14, 63, 'Jena Towne', 'In possimus reiciendis libero. Non dolores eos non inventore velit rem magnam. Et sed molestias assumenda ut iure fuga vitae.', 4, '2019-10-29 06:46:29', '2019-10-29 06:46:29'),
(15, 71, 'Ms. Alessia Kuvalis', 'Voluptatem fugiat consequuntur est voluptas totam quia cum expedita. Dolorem nesciunt maxime possimus inventore eum ut. Quo neque odit perspiciatis exercitationem praesentium quaerat impedit.', 0, '2019-10-29 06:46:29', '2019-10-29 06:46:29'),
(16, 46, 'Alize Heller II', 'Veritatis dolorem corrupti et neque repellat. Dolor dolorem voluptatem omnis voluptas. Id repudiandae tempora perferendis voluptate quo molestiae. Corrupti ullam molestias debitis vero doloremque enim quisquam.', 1, '2019-10-29 06:46:29', '2019-10-29 06:46:29'),
(17, 71, 'Bettie Welch', 'Excepturi occaecati laborum necessitatibus et. Assumenda sit vel architecto architecto officia amet. Eligendi at ut magni possimus qui. Sapiente aspernatur a doloremque.', 3, '2019-10-29 06:46:29', '2019-10-29 06:46:29'),
(18, 59, 'Mr. Jordan Crist', 'Adipisci repudiandae autem ut numquam. Excepturi recusandae reiciendis aperiam repellat. Dolor ut dolorum autem ut quia officiis id.', 3, '2019-10-29 06:46:29', '2019-10-29 06:46:29'),
(19, 34, 'Shawn Metz', 'Odio rerum voluptates praesentium quis deserunt. Officia cupiditate facilis maxime et. Soluta impedit consequatur fugiat impedit.', 1, '2019-10-29 06:46:29', '2019-10-29 06:46:29'),
(20, 19, 'Anastacio Mayer', 'Adipisci voluptas voluptatem tenetur ducimus itaque. Maxime impedit soluta non id. Et maiores deserunt ipsam ullam velit dolorem ducimus tempore. Expedita rerum non et non provident.', 3, '2019-10-29 06:46:29', '2019-10-29 06:46:29'),
(21, 70, 'Valerie Ratke', 'Nostrum beatae vero dicta quaerat quos in autem. Quia quis ut ut earum maiores non accusantium. Tempore aut error molestiae hic quam quae amet. Adipisci qui aut sed totam debitis pariatur ut id.', 4, '2019-10-29 06:46:29', '2019-10-29 06:46:29'),
(22, 84, 'Jeramie Koss', 'Est id qui magni dignissimos. Quo deleniti quod est veniam. Incidunt adipisci totam nesciunt iste consequuntur ut. Et provident dolores repudiandae minus aut laboriosam. Inventore ut sed nisi maxime ab.', 2, '2019-10-29 06:46:29', '2019-10-29 06:46:29'),
(23, 16, 'Maurice Kessler', 'Et ut qui debitis ipsam et ut quae quis. Atque ipsum eius aliquam aspernatur ea. Incidunt eum explicabo dolore mollitia qui eos odit. Quaerat sit nam dolores voluptates accusantium.', 3, '2019-10-29 06:46:29', '2019-10-29 06:46:29'),
(24, 92, 'Melyssa Kuhn', 'Non eum necessitatibus aspernatur ut atque. Alias voluptatibus molestiae ipsum. Dolores eum adipisci magnam officiis non numquam. Veritatis saepe vel repudiandae illo earum.', 4, '2019-10-29 06:46:29', '2019-10-29 06:46:29'),
(25, 59, 'Miss Mittie Fisher Sr.', 'Soluta fuga qui sit molestiae. Ut et facere ea eum aut. Nam nihil aut qui quos aut quod facilis.', 2, '2019-10-29 06:46:29', '2019-10-29 06:46:29'),
(26, 92, 'Carolina Koelpin DVM', 'Autem quisquam recusandae asperiores quasi. Consequuntur voluptatem ea porro quas adipisci facilis. Veritatis quis voluptates laudantium quisquam.', 1, '2019-10-29 06:46:29', '2019-10-29 06:46:29'),
(27, 57, 'Archibald Macejkovic', 'Ut quia omnis blanditiis deserunt et qui minima. Sint odio accusantium rerum culpa culpa quidem. Laboriosam est ut perferendis accusamus consectetur alias. Non earum quas magnam est eos ipsam.', 3, '2019-10-29 06:46:29', '2019-10-29 06:46:29'),
(28, 8, 'Angelina Grant', 'Pariatur ut doloremque in placeat qui hic ut laborum. Quam rerum sunt vitae repellat placeat corporis dolores. Sed fugiat natus et voluptatem consequatur eius.', 2, '2019-10-29 06:46:29', '2019-10-29 06:46:29'),
(29, 91, 'Mikayla Christiansen', 'Repellendus ratione possimus architecto dicta minus culpa modi. Cupiditate quas nihil vero voluptas est aut autem.', 0, '2019-10-29 06:46:29', '2019-10-29 06:46:29'),
(30, 66, 'Jessie Reinger', 'Consequatur at amet totam aut id tempora aut. Ducimus asperiores est est libero totam ipsa eaque labore. Mollitia eveniet blanditiis eligendi facilis officiis quas.', 0, '2019-10-29 06:46:29', '2019-10-29 06:46:29'),
(31, 14, 'Zion Towne', 'Et in cupiditate eum similique optio atque. Qui corporis dolor qui dignissimos autem ipsum. Maiores magni corrupti ut quis. Laboriosam laboriosam saepe consequuntur odit eius consequuntur eligendi.', 1, '2019-10-29 06:46:29', '2019-10-29 06:46:29'),
(32, 72, 'Queenie Dicki', 'Et excepturi velit optio velit et voluptatem eum. Ducimus non aut tempore cum et quos. Laboriosam et quasi culpa quia. Eligendi ipsum dolores enim quos alias incidunt rerum.', 1, '2019-10-29 06:46:29', '2019-10-29 06:46:29'),
(33, 14, 'Ivory Kautzer', 'Ad aliquam natus qui ut. Esse quasi voluptatem ut vero minima. Laudantium amet nisi maiores minima. Voluptas dolorum ducimus molestiae fugiat. Impedit aliquid consequuntur eligendi dolorem perferendis.', 4, '2019-10-29 06:46:29', '2019-10-29 06:46:29'),
(34, 79, 'Willie Simonis V', 'In quae sit adipisci quia repellat dolores ut. Necessitatibus in beatae corporis ut voluptatibus autem. Sed omnis illum consequuntur excepturi quos voluptates velit laudantium. Cumque iure laboriosam natus natus qui.', 0, '2019-10-29 06:46:29', '2019-10-29 06:46:29'),
(35, 33, 'Mr. Jeffry Bergnaum', 'Asperiores non consequuntur et sed tempora enim. Qui laboriosam sapiente est unde est et quis. Ipsum doloribus vitae cupiditate harum velit.', 2, '2019-10-29 06:46:29', '2019-10-29 06:46:29'),
(36, 6, 'Miss Nayeli Gerlach', 'Qui voluptate cupiditate laborum quos. Esse enim sed explicabo quaerat ut assumenda necessitatibus. Eum tempore a velit beatae ad iure. Non in et voluptatem autem consequatur.', 2, '2019-10-29 06:46:29', '2019-10-29 06:46:29'),
(37, 60, 'Prof. Ernie Ernser DVM', 'Itaque qui hic quisquam voluptatem cumque. Possimus dolorum ea recusandae porro vel. Hic repudiandae autem blanditiis omnis quia.', 2, '2019-10-29 06:46:29', '2019-10-29 06:46:29'),
(38, 81, 'Mr. Giovanny Medhurst Jr.', 'Atque adipisci quae aliquam at ut. Eum quo ut iusto dolores. Expedita occaecati voluptas voluptatum aperiam a. Eos sunt dolore sint est.', 1, '2019-10-29 06:46:29', '2019-10-29 06:46:29'),
(39, 78, 'Dr. Magali Kuvalis', 'Adipisci eum et ut expedita dolorum optio quos quo. Porro quo ipsa nisi aspernatur. Eveniet deserunt in deserunt.', 1, '2019-10-29 06:46:29', '2019-10-29 06:46:29'),
(40, 91, 'Kaitlin Langosh II', 'Impedit earum itaque non ut provident. Ut eius quo unde repellat dolor aut. Est rem placeat aut et quo. Aut dolorem aperiam voluptatum sunt est accusantium.', 3, '2019-10-29 06:46:29', '2019-10-29 06:46:29'),
(41, 28, 'Brandy Ondricka', 'Omnis consectetur non nostrum tenetur et. Rem commodi temporibus animi enim suscipit. A et sint odit dignissimos. Eum enim ipsa et beatae.', 2, '2019-10-29 06:46:29', '2019-10-29 06:46:29'),
(42, 99, 'Austyn Bernier', 'Laudantium aliquam atque explicabo atque consequatur. Eveniet labore vero quod non hic impedit esse. Dolor rem sed qui libero a.', 1, '2019-10-29 06:46:29', '2019-10-29 06:46:29'),
(43, 65, 'Ashtyn Schamberger', 'Tenetur similique animi quas. Et culpa incidunt suscipit sit nemo tempora vel optio. Incidunt adipisci nemo et quisquam. Qui quas dolores cum qui voluptas ut.', 1, '2019-10-29 06:46:29', '2019-10-29 06:46:29'),
(44, 55, 'Prof. Braulio Hoppe', 'Sed quasi magni adipisci ut. Ullam reiciendis beatae maiores alias voluptatibus quia dolorem. Et illo ut ut voluptatem nulla quas molestiae quod.', 3, '2019-10-29 06:46:29', '2019-10-29 06:46:29'),
(45, 35, 'Nayeli Wisoky', 'Iste quaerat cumque reprehenderit. Consequuntur est quasi temporibus illo. Sed vitae sunt minima vitae dolorem labore odio error. Qui ut laborum ut eum.', 5, '2019-10-29 06:46:29', '2019-10-29 06:46:29'),
(46, 100, 'Florian Muller', 'Impedit non quidem aut aut aut. Iure occaecati iste a magnam. Non quis facilis quod et consequatur.', 2, '2019-10-29 06:46:29', '2019-10-29 06:46:29'),
(47, 76, 'Brant Mitchell', 'Unde laborum assumenda tempore et ut corrupti. Est autem aut natus qui eos quia. Ipsam aut mollitia minus hic delectus aut deleniti.', 5, '2019-10-29 06:46:29', '2019-10-29 06:46:29'),
(48, 42, 'Laney Hahn', 'Sit dignissimos molestias quibusdam molestias et dolor. Et ducimus omnis in quas vel sed perspiciatis. Dolore officiis eum hic ratione eius rerum possimus similique.', 5, '2019-10-29 06:46:29', '2019-10-29 06:46:29'),
(49, 40, 'Santiago Price', 'Ex dignissimos placeat dolorem ut aut aliquid. Maiores aspernatur voluptatum repellat. Cumque ipsum minima illo sequi et et. Autem voluptatem exercitationem suscipit est ipsa error. Tempore a id suscipit sint eos nulla.', 2, '2019-10-29 06:46:29', '2019-10-29 06:46:29'),
(50, 86, 'Kayden Jast', 'Et iure deleniti voluptatum. Culpa reiciendis non eos quasi asperiores. Incidunt quam fugit nihil numquam nemo corporis.', 1, '2019-10-29 06:46:29', '2019-10-29 06:46:29'),
(51, 27, 'Laverne O\'Kon', 'Fugiat quisquam harum magnam voluptatem. Aliquid dolor consequatur aspernatur quia voluptatem sunt laborum. Numquam amet quo perferendis.', 3, '2019-10-29 06:46:29', '2019-10-29 06:46:29'),
(52, 44, 'Nicola Graham', 'Explicabo assumenda deleniti suscipit velit est. Dolore natus eius et est.', 0, '2019-10-29 06:46:29', '2019-10-29 06:46:29'),
(53, 39, 'Destin Dickinson', 'Culpa impedit ratione voluptas eaque. Consequuntur ipsa facere voluptatem fugiat dolore aut.', 5, '2019-10-29 06:46:29', '2019-10-29 06:46:29'),
(54, 75, 'Brice Weber', 'Aspernatur cumque aperiam dignissimos occaecati iste ad. Dolor ad voluptas voluptatem quia saepe necessitatibus. Voluptas et rerum voluptas laboriosam. Illum saepe deserunt et ipsa.', 5, '2019-10-29 06:46:29', '2019-10-29 06:46:29'),
(55, 74, 'Isai Keeling V', 'Sit cumque aut dolorum eaque vel quis. Est repellendus quos dolorum. Voluptatum aut vitae voluptatem repellendus sunt atque. Sunt est inventore sapiente mollitia numquam nihil esse.', 3, '2019-10-29 06:46:29', '2019-10-29 06:46:29'),
(56, 55, 'Mr. Leif Wisoky', 'Sunt nisi ab eos soluta officia atque exercitationem. Nesciunt autem sed qui. Sunt atque in aliquid praesentium numquam et quis.', 5, '2019-10-29 06:46:29', '2019-10-29 06:46:29'),
(57, 78, 'Alexane Rippin', 'Ut sint et error quo. Repellendus quasi aut iusto ea. Rem nisi sed a repellendus nihil voluptatum sit.', 3, '2019-10-29 06:46:29', '2019-10-29 06:46:29'),
(58, 32, 'Ethyl Abbott', 'Accusamus qui velit quia omnis. Molestias quia et nesciunt hic iste reprehenderit odit. Quia sint incidunt nulla iure sunt. In repellat officiis culpa fugit ut illo.', 5, '2019-10-29 06:46:29', '2019-10-29 06:46:29'),
(59, 32, 'Maximillian Hackett V', 'Ut deleniti quis aliquam occaecati. Veritatis assumenda ea quam distinctio. Maiores est dolore voluptas eaque quae sint esse. Deserunt est voluptatibus corrupti autem deserunt corrupti deleniti. Neque sit in voluptatem aut velit culpa sunt.', 0, '2019-10-29 06:46:29', '2019-10-29 06:46:29'),
(60, 42, 'Kaia Sipes', 'Et in dicta qui alias architecto velit. Dolores alias praesentium laborum sed tempore animi. Quia laboriosam modi dolorem illo adipisci qui quia suscipit. Neque sed in vel et commodi.', 1, '2019-10-29 06:46:29', '2019-10-29 06:46:29'),
(61, 12, 'Gregory Windler', 'Hic qui aliquid maiores. Ut corrupti voluptatibus mollitia rerum molestias. Quia dolores aspernatur aut est eveniet. Suscipit sed ea est iste et rem. Velit maxime adipisci nihil sed temporibus cum.', 3, '2019-10-29 06:46:29', '2019-10-29 06:46:29'),
(62, 73, 'Mollie Beahan', 'Et voluptas molestiae cum ut sed dicta aut consequuntur. Expedita et excepturi nihil quia. Fugiat neque sit mollitia dolor saepe. Molestiae laudantium dolorum itaque sed est dolor.', 0, '2019-10-29 06:46:29', '2019-10-29 06:46:29'),
(63, 9, 'Michele Barton', 'Non ea at consequatur sunt atque voluptatibus tenetur. Facere sed est animi ut. Qui itaque sunt quia ipsam est nihil non. Enim iure quam molestiae deleniti. Rerum ratione eos optio et doloremque tempore nemo cumque.', 0, '2019-10-29 06:46:29', '2019-10-29 06:46:29'),
(64, 98, 'Georgette Schowalter', 'Dolores eos sit explicabo veritatis cum corporis. Quidem expedita sapiente qui ad sed voluptatum eligendi. Corrupti expedita accusantium nihil libero veniam.', 4, '2019-10-29 06:46:29', '2019-10-29 06:46:29'),
(65, 1, 'Mrs. Petra Bruen MD', 'Vel at dolorem mollitia dolore voluptates. Excepturi ipsum repellat rerum temporibus sunt tenetur magnam consequuntur. Molestiae dolor nobis minima non ducimus.', 4, '2019-10-29 06:46:29', '2019-10-29 06:46:29'),
(66, 47, 'Ms. Trisha Kilback', 'Aperiam dolorum et eaque et accusamus aut quia. Et voluptatem ut adipisci. Excepturi quaerat aliquam et sapiente voluptatibus non sunt.', 2, '2019-10-29 06:46:29', '2019-10-29 06:46:29'),
(67, 10, 'Prof. Joaquin Spencer IV', 'Enim ut et tempore quas aliquam suscipit. Unde blanditiis explicabo dolorem a doloremque itaque quasi. Alias et voluptatem placeat aperiam sit.', 1, '2019-10-29 06:46:29', '2019-10-29 06:46:29'),
(68, 29, 'Narciso Kassulke', 'Quis explicabo sit ea numquam. Amet odit aut ipsa et atque rem aliquid quia. Delectus placeat qui aut placeat et temporibus. Amet deserunt omnis rerum quasi voluptate officiis aperiam. Facere velit quia provident qui.', 5, '2019-10-29 06:46:29', '2019-10-29 06:46:29'),
(69, 49, 'Raheem Dietrich', 'A ut quis omnis esse enim saepe. Perferendis ut totam quod consequatur suscipit quasi. Cumque et facere dolorem nam perspiciatis. Officia nostrum dolorem et architecto.', 3, '2019-10-29 06:46:29', '2019-10-29 06:46:29'),
(70, 79, 'Brannon Hermiston', 'Eaque provident non rerum voluptas perferendis neque. Enim corporis optio reiciendis quae qui aspernatur. Placeat aut quidem provident eos earum. Illo fugiat rerum iste et odio.', 5, '2019-10-29 06:46:29', '2019-10-29 06:46:29'),
(71, 90, 'Miss Rhianna Huel DVM', 'Quia aliquam quod dignissimos. Dignissimos porro perspiciatis aut optio. Quia et assumenda beatae dolores voluptas aliquam quos.', 4, '2019-10-29 06:46:29', '2019-10-29 06:46:29'),
(72, 51, 'Francisco McLaughlin', 'Aut incidunt iure tempora inventore. Et et facere vero expedita fugit. Ex ut sint ad architecto.', 3, '2019-10-29 06:46:29', '2019-10-29 06:46:29'),
(73, 57, 'Tiffany Schiller', 'Aut natus tempore officia ipsum. Alias minima dolor dolor tempore ut inventore doloribus. Aliquam repellendus tempora quia excepturi aut.', 5, '2019-10-29 06:46:29', '2019-10-29 06:46:29'),
(74, 87, 'Myrtis Jast', 'Nesciunt qui molestiae est et. Illum placeat rerum eos dolores voluptatem. Velit nulla enim maiores aliquid dolorem.', 5, '2019-10-29 06:46:29', '2019-10-29 06:46:29'),
(75, 94, 'Adolfo Mante', 'Qui quibusdam doloremque occaecati ut fugit. Illo illo qui mollitia eum. Earum facilis aspernatur exercitationem incidunt. Aliquam quia minima odio consequuntur aut.', 5, '2019-10-29 06:46:29', '2019-10-29 06:46:29'),
(76, 44, 'Margarett Carroll', 'Ducimus nisi nisi ipsum doloremque sed repudiandae reprehenderit. Quod sunt sequi esse sunt in qui. Numquam magni sint maiores voluptatem consequatur.', 0, '2019-10-29 06:46:29', '2019-10-29 06:46:29'),
(77, 27, 'Camilla Grady', 'Maiores perspiciatis molestiae assumenda laudantium odit ut omnis consequuntur. Non nobis eum et et sit voluptatem ab. Accusamus ipsam aut numquam quaerat quis mollitia consequuntur. Facilis iste aliquid nihil quaerat.', 1, '2019-10-29 06:46:29', '2019-10-29 06:46:29'),
(78, 53, 'Elmo Sawayn', 'Tenetur tempore debitis aliquid recusandae dolorem. Sint eius necessitatibus beatae eos non. Adipisci et provident voluptas occaecati ab. Libero qui explicabo libero molestiae earum adipisci.', 0, '2019-10-29 06:46:29', '2019-10-29 06:46:29'),
(79, 52, 'Orlo Dickens', 'Quibusdam sit voluptate delectus ab voluptas ut. Illo incidunt impedit consequatur dolorum. Qui voluptatem inventore est voluptas maxime.', 0, '2019-10-29 06:46:29', '2019-10-29 06:46:29'),
(80, 78, 'Mary Beer V', 'Tenetur ut corrupti ad animi ut. Nemo cupiditate aut consectetur voluptatem quas accusamus. Nostrum nemo aut quae voluptatem nihil corrupti. Dolor assumenda cumque aspernatur totam exercitationem. Eos architecto omnis omnis veritatis quia dolores.', 4, '2019-10-29 06:46:29', '2019-10-29 06:46:29'),
(81, 41, 'Gideon Fay', 'Et quisquam culpa ut aut sit sit quae. Autem rerum cupiditate ipsam enim blanditiis. Enim et nobis eligendi fugit numquam qui ab quisquam.', 0, '2019-10-29 06:46:29', '2019-10-29 06:46:29'),
(82, 30, 'Jacques Jacobi', 'Reiciendis repudiandae corrupti culpa adipisci. Est enim explicabo quasi officia ducimus asperiores. Non perspiciatis beatae et accusamus qui. Doloremque aut quisquam debitis placeat distinctio.', 1, '2019-10-29 06:46:29', '2019-10-29 06:46:29'),
(83, 32, 'Emil Dooley MD', 'Qui nobis atque doloribus. Numquam repellat hic mollitia eveniet quae error quia.', 3, '2019-10-29 06:46:29', '2019-10-29 06:46:29'),
(84, 93, 'Shyann Batz', 'Eligendi voluptatem et doloribus quia ducimus esse voluptatem eaque. Veritatis rerum nisi et molestias et. Consequuntur sint et exercitationem.', 2, '2019-10-29 06:46:29', '2019-10-29 06:46:29'),
(85, 9, 'Shany Koch', 'Voluptatum maiores omnis in. Id quidem velit accusantium itaque est ut est. Aspernatur enim rem explicabo possimus. Est alias corporis voluptate est labore.', 2, '2019-10-29 06:46:29', '2019-10-29 06:46:29'),
(86, 30, 'Joy Cremin', 'Asperiores id ex sapiente in exercitationem aliquam quod. Pariatur deserunt dolor iste beatae ut aut. Consequatur ratione consequuntur et velit delectus deserunt. Ut error et modi magnam ducimus aperiam.', 0, '2019-10-29 06:46:29', '2019-10-29 06:46:29'),
(87, 50, 'Dr. Daija Raynor V', 'Quos dolor sed maxime eius. Magnam maxime occaecati rerum et. Sit numquam sunt omnis doloribus maxime quia minus ratione. Nulla nisi fugit mollitia omnis ut.', 5, '2019-10-29 06:46:29', '2019-10-29 06:46:29'),
(88, 12, 'Kendrick Steuber III', 'In illo amet esse consequatur ipsum veniam. Vel et et similique quo fuga. Rerum sint aut aut tempore error voluptatibus consequuntur.', 0, '2019-10-29 06:46:29', '2019-10-29 06:46:29'),
(89, 1, 'Prof. Gilbert Predovic', 'Laborum voluptatem voluptas sed accusantium aliquid adipisci quo nihil. Assumenda a perferendis velit aut hic. Nulla voluptates deleniti aut temporibus et.', 2, '2019-10-29 06:46:29', '2019-10-29 06:46:29'),
(90, 90, 'Keenan Grady', 'Ratione mollitia illo voluptatem pariatur aut aliquam. Dolore eius sapiente laudantium nisi voluptas consequatur repudiandae. Quas rerum provident qui non saepe. Quis sit quae autem nostrum ut quasi eum.', 0, '2019-10-29 06:46:29', '2019-10-29 06:46:29'),
(91, 48, 'Kaitlin Brekke', 'Pariatur consectetur possimus voluptas distinctio consequatur at quidem. Nesciunt quas voluptatum aut atque excepturi itaque harum. Et odio doloribus maiores sunt. Odit at in sed consequatur fugit at.', 4, '2019-10-29 06:46:29', '2019-10-29 06:46:29'),
(92, 43, 'Prof. Luisa Lebsack', 'Optio nostrum repellat minus eum numquam. At ullam dolores voluptatem quia et rem. Est et repellendus et qui velit blanditiis animi. Id atque impedit id ut.', 2, '2019-10-29 06:46:29', '2019-10-29 06:46:29'),
(93, 71, 'Miss Giovanna Carter', 'Et beatae officiis aliquid in deserunt vitae. Qui aspernatur sunt veniam dolor pariatur quae nobis. Laudantium facilis sunt nulla porro error. Hic rerum tempora facilis ullam quis.', 4, '2019-10-29 06:46:29', '2019-10-29 06:46:29'),
(94, 13, 'Prof. Sam Runolfsdottir', 'Possimus est pariatur itaque ipsum dolorum amet voluptatem. Provident quas dolorem natus sit nihil consequuntur. Placeat vel distinctio aut sed officiis maiores.', 3, '2019-10-29 06:46:29', '2019-10-29 06:46:29'),
(95, 52, 'Robert Okuneva DDS', 'Sequi possimus maiores reprehenderit alias. Omnis consectetur molestiae nulla sunt. Quidem fuga autem debitis corporis. Optio dolore deleniti illo deserunt iusto et.', 3, '2019-10-29 06:46:29', '2019-10-29 06:46:29'),
(96, 80, 'Ferne Kemmer', 'Quisquam dicta voluptatum ab et. Aperiam accusantium velit in quam. Quibusdam eum mollitia nihil et molestiae quaerat ut.', 1, '2019-10-29 06:46:29', '2019-10-29 06:46:29'),
(97, 16, 'Mr. Gene Williamson', 'Rem at quis ut aut est. Itaque quas aut reprehenderit consequatur ab eum aut. Molestias modi ullam sit error sed beatae qui. Mollitia maiores quis ut omnis nostrum non voluptatum. Sit consequatur quis porro iure ab cumque.', 2, '2019-10-29 06:46:29', '2019-10-29 06:46:29'),
(98, 79, 'Mrs. Monique Schuppe DDS', 'Necessitatibus laboriosam earum velit aut totam. Et voluptatum totam magnam sapiente quo quo quas. Voluptas commodi sed hic magni hic et. Et laboriosam ut at dignissimos officiis repellat autem.', 4, '2019-10-29 06:46:29', '2019-10-29 06:46:29'),
(99, 36, 'Mrs. Marcelina VonRueden V', 'Vero quia eos autem quisquam. Commodi iste quaerat sapiente at sit. Necessitatibus natus enim est eligendi in adipisci rerum.', 0, '2019-10-29 06:46:29', '2019-10-29 06:46:29'),
(100, 26, 'Forest Bins Sr.', 'Reprehenderit molestiae ut eius alias qui et commodi. Tempora quis est rerum omnis ducimus dolore. Et et consequatur ullam sit.', 1, '2019-10-29 06:46:29', '2019-10-29 06:46:29'),
(101, 2, 'Tyree Graham', 'Veritatis esse itaque rerum inventore dolorem vel ut. Sit sed beatae harum aperiam doloribus cumque totam. Corrupti recusandae reiciendis vel aliquid. Vel sit laudantium velit voluptatum consectetur aspernatur voluptatem.', 4, '2019-10-29 06:46:29', '2019-10-29 06:46:29'),
(102, 22, 'Javonte Kub', 'Eos quas impedit vel aliquid est ab. Velit fugiat ex officia recusandae sit. Earum expedita velit mollitia. Porro aut voluptatem enim non sint.', 1, '2019-10-29 06:46:29', '2019-10-29 06:46:29'),
(103, 70, 'Ashton Rogahn', 'Illo sunt quibusdam in qui veniam. Alias ipsam incidunt natus consequatur perspiciatis consequatur. Quod optio vitae esse tempore.', 2, '2019-10-29 06:46:29', '2019-10-29 06:46:29'),
(104, 53, 'Eden Mitchell', 'Incidunt minima ipsam enim doloribus doloremque quo sequi. Nam et laboriosam ut. Corporis quia sunt ut recusandae quibusdam voluptates.', 0, '2019-10-29 06:46:29', '2019-10-29 06:46:29'),
(105, 75, 'Shemar Gleichner Jr.', 'Consequuntur velit nihil officia nihil iusto omnis impedit. Possimus sed vel laudantium similique. Ut dolore rerum quo ut dolorem aut.', 4, '2019-10-29 06:46:29', '2019-10-29 06:46:29'),
(106, 26, 'Miss Dominique Bergstrom IV', 'Nisi debitis placeat accusantium et in. Sit consectetur et et recusandae facilis. Distinctio et eum sint qui.', 4, '2019-10-29 06:46:29', '2019-10-29 06:46:29'),
(107, 90, 'Nathanael Herman', 'Neque sit nobis soluta quae eum nesciunt. Hic dolorem numquam consequatur corporis officia explicabo quidem. Excepturi quia ipsum ratione fugit qui iure nihil.', 1, '2019-10-29 06:46:29', '2019-10-29 06:46:29'),
(108, 24, 'Prof. Jovan Harris III', 'Ullam et cupiditate fugit aut laudantium placeat. Totam eaque similique saepe aut voluptatibus cum ducimus optio. Itaque et iste sint. Quisquam quaerat fuga unde.', 3, '2019-10-29 06:46:29', '2019-10-29 06:46:29'),
(109, 55, 'Mrs. Loren McKenzie', 'Similique impedit nihil eum officia velit itaque. Fuga labore molestias voluptates ut commodi illo odio. Repellendus adipisci neque et qui consequuntur libero. Iure ut iusto voluptatem explicabo molestiae autem. Est in consequatur numquam officiis voluptates recusandae.', 0, '2019-10-29 06:46:29', '2019-10-29 06:46:29'),
(110, 70, 'Maximo Leuschke', 'Officia exercitationem enim iste ut placeat. Et nisi hic vitae nobis. Et nostrum velit esse non libero. Tenetur molestiae velit est.', 5, '2019-10-29 06:46:29', '2019-10-29 06:46:29'),
(111, 27, 'Daniela Gutkowski DVM', 'Voluptas et et quae dolores ut eius unde. Maxime quasi aut sunt praesentium eos quaerat magnam. Doloremque recusandae earum rerum non tenetur.', 1, '2019-10-29 06:46:29', '2019-10-29 06:46:29'),
(112, 42, 'Dr. Jordyn Swift V', 'Ut beatae a molestias similique quisquam aut. Tenetur aut ut dolorem sunt quasi enim. Explicabo assumenda maiores sed inventore ea perspiciatis et.', 1, '2019-10-29 06:46:29', '2019-10-29 06:46:29'),
(113, 16, 'Prof. Olin Shields Jr.', 'Tenetur cum illo repudiandae. Eius iusto perspiciatis saepe dignissimos vitae eius ex. Aperiam nostrum sunt eius reiciendis dolor.', 1, '2019-10-29 06:46:29', '2019-10-29 06:46:29'),
(114, 29, 'Mrs. Trinity Hamill V', 'Quod laudantium et eum et. Ut beatae et aliquam aut. Tempore ut ut aperiam nobis magni dolorem alias et. Nemo voluptas eius commodi dolorem tenetur.', 0, '2019-10-29 06:46:29', '2019-10-29 06:46:29'),
(115, 6, 'Shania Wolf', 'Eius et maiores voluptatem ut adipisci. Nostrum deserunt optio architecto ut vel placeat aut.', 0, '2019-10-29 06:46:29', '2019-10-29 06:46:29'),
(116, 70, 'Ola Gleason II', 'Magni autem maiores rerum. Aliquid laboriosam quos sit sit. Enim saepe ut atque quod corrupti ut sed. Veniam architecto consequatur non saepe molestiae aliquam et.', 1, '2019-10-29 06:46:29', '2019-10-29 06:46:29'),
(117, 39, 'Viviane Ruecker PhD', 'Quis et ipsa quaerat id. Reiciendis totam officiis est rerum voluptatem distinctio. Molestias nam error repudiandae rerum reiciendis omnis eaque maiores.', 1, '2019-10-29 06:46:29', '2019-10-29 06:46:29'),
(118, 59, 'Price Goyette', 'Ad expedita at quae quia. Voluptatibus in quos molestias veritatis. Voluptas illum sequi ut enim veniam temporibus asperiores officiis. Voluptatem repellendus voluptatum architecto cum.', 2, '2019-10-29 06:46:29', '2019-10-29 06:46:29'),
(119, 43, 'Mrs. Rachelle Stiedemann Jr.', 'Quia excepturi est doloremque fugit ut et. Illum maiores laborum qui consequatur nulla accusantium dolorem. Voluptas id sed est ea autem fugit. Voluptatem recusandae eaque est et qui nemo assumenda.', 2, '2019-10-29 06:46:29', '2019-10-29 06:46:29'),
(120, 41, 'Isaias Legros III', 'Earum aliquid saepe eligendi doloremque enim voluptatum omnis. Quia tenetur nobis velit fugiat beatae commodi dolores. Earum cupiditate ducimus nobis explicabo ea quasi. Animi omnis aut suscipit qui et accusantium.', 4, '2019-10-29 06:46:29', '2019-10-29 06:46:29'),
(121, 2, 'Kenyatta Ryan', 'Omnis aut voluptatem distinctio voluptatem id quas blanditiis. Unde aut quia saepe nihil asperiores. Ad soluta est voluptas.', 3, '2019-10-29 06:46:29', '2019-10-29 06:46:29'),
(122, 56, 'Prof. Dock Labadie II', 'Enim itaque mollitia necessitatibus distinctio dolorum laboriosam. Rerum id minima natus tenetur minus ut beatae. Amet molestiae quo aut itaque.', 1, '2019-10-29 06:46:29', '2019-10-29 06:46:29'),
(123, 75, 'Alice Hamill III', 'Dolor rem qui eligendi voluptas et. Reprehenderit voluptas est dolor modi maiores. Culpa nihil corrupti eum facilis corporis mollitia.', 2, '2019-10-29 06:46:29', '2019-10-29 06:46:29'),
(124, 68, 'Charlie Dietrich', 'Sed quasi ullam ea tempora ducimus ut. In qui molestiae facere consectetur aut qui asperiores ipsum. Aspernatur laboriosam eligendi porro earum non dolorem placeat. A vel nostrum qui consectetur delectus ut consequatur omnis.', 3, '2019-10-29 06:46:29', '2019-10-29 06:46:29'),
(125, 26, 'Patrick Hayes', 'Repellendus neque nihil quo dicta odio. Quo qui in doloribus dolores itaque minus. Officiis et ut qui et asperiores maxime sequi. Ut perferendis velit officia.', 5, '2019-10-29 06:46:29', '2019-10-29 06:46:29'),
(126, 13, 'Mr. Enrico West V', 'Velit voluptatem sit aut. Ut voluptas blanditiis ipsam nobis distinctio natus.', 2, '2019-10-29 06:46:29', '2019-10-29 06:46:29'),
(127, 27, 'Ned Jacobi', 'Quia labore tenetur delectus quia. Quisquam perferendis dolore ab velit distinctio dolore. Debitis dolorum dolores velit eos omnis.', 2, '2019-10-29 06:46:29', '2019-10-29 06:46:29'),
(128, 41, 'Anderson Collier', 'Accusamus molestiae possimus repudiandae ratione cupiditate occaecati repellat. Ea fugit est reiciendis atque veritatis. Quaerat est enim sit voluptas facilis commodi sequi.', 0, '2019-10-29 06:46:29', '2019-10-29 06:46:29'),
(129, 98, 'Kellie Kilback V', 'Ab labore numquam harum sint est voluptatum. Nobis quia quia voluptas architecto. Debitis pariatur et libero. Ratione ea explicabo quidem aliquid ratione qui qui.', 0, '2019-10-29 06:46:29', '2019-10-29 06:46:29'),
(130, 67, 'Prof. Alfreda Cormier', 'Voluptatem at vel eos. Adipisci odio inventore voluptas sed natus ducimus magnam distinctio. Ipsam qui maxime culpa quasi maiores consectetur praesentium error.', 2, '2019-10-29 06:46:29', '2019-10-29 06:46:29'),
(131, 5, 'Reagan Schiller III', 'Voluptas ut dolor molestiae vel. Quam ipsum deleniti ad ducimus aut illo aut.', 4, '2019-10-29 06:46:29', '2019-10-29 06:46:29'),
(132, 88, 'Patrick Grady', 'Natus saepe saepe nihil odit sed maxime. Quia non est laborum. Eveniet reprehenderit voluptatibus nam voluptatibus nulla aut ipsa. Et accusantium et consequatur ipsum. Natus placeat dignissimos aut iusto voluptatibus ab dolorum.', 4, '2019-10-29 06:46:29', '2019-10-29 06:46:29'),
(133, 84, 'Salvador Bradtke', 'Et odio quia incidunt. Velit numquam id eum.', 3, '2019-10-29 06:46:29', '2019-10-29 06:46:29'),
(134, 41, 'Mr. Floyd Macejkovic PhD', 'Vitae omnis non adipisci est ea perferendis eos veniam. Exercitationem laborum quibusdam omnis odit magni. Ab commodi fugit magnam necessitatibus officia provident quaerat.', 0, '2019-10-29 06:46:29', '2019-10-29 06:46:29'),
(135, 18, 'Maegan McLaughlin', 'Ut amet et labore. Velit nam laboriosam adipisci beatae dolore rerum. Perspiciatis sed et rerum et officia non aut iure.', 4, '2019-10-29 06:46:29', '2019-10-29 06:46:29'),
(136, 14, 'Mr. Mariano Kilback', 'Et beatae libero unde voluptatibus velit eum. Temporibus commodi ut et dolorem illum.', 1, '2019-10-29 06:46:29', '2019-10-29 06:46:29'),
(137, 23, 'Florine Heidenreich', 'Ipsa autem qui assumenda et quia magni. Eaque sequi qui blanditiis accusantium voluptas ipsa. Omnis quia qui facere ea ad maxime. Autem eos voluptates similique ipsam nesciunt.', 0, '2019-10-29 06:46:29', '2019-10-29 06:46:29'),
(138, 35, 'Mekhi Runte III', 'Eius et ipsum eos excepturi non adipisci porro ipsum. Dolor reprehenderit unde et nisi libero quibusdam velit veritatis. Cumque odio est hic quo.', 5, '2019-10-29 06:46:29', '2019-10-29 06:46:29'),
(139, 90, 'Moises Crist', 'Sit aut est sunt dicta et odio. Asperiores ut totam id quis. Perspiciatis quibusdam quo ipsam repellat sint maxime dicta nostrum.', 5, '2019-10-29 06:46:29', '2019-10-29 06:46:29'),
(140, 96, 'Elna Windler', 'Harum ut voluptatem quos aliquid voluptatem. Enim laudantium libero pariatur qui. Quia voluptatem sunt quis aut quo. Ea molestiae similique rerum et accusamus ad inventore.', 2, '2019-10-29 06:46:29', '2019-10-29 06:46:29'),
(141, 6, 'Kaylah Hane IV', 'Ea vel commodi qui nesciunt. Minima ex eum totam rerum. Eos blanditiis natus iusto possimus earum.', 3, '2019-10-29 06:46:29', '2019-10-29 06:46:29'),
(142, 43, 'Nellie Carter I', 'Voluptas eligendi molestias maiores quis autem. Dignissimos consequuntur iure et occaecati optio eaque deleniti.', 4, '2019-10-29 06:46:29', '2019-10-29 06:46:29'),
(143, 98, 'Mrs. Misty Collier I', 'Sequi necessitatibus corrupti ea ea eos qui. Et eum illum beatae et quia sunt velit. Odio illum iste soluta omnis repellendus. Iusto dolore est cumque quae consequatur ratione.', 4, '2019-10-29 06:46:29', '2019-10-29 06:46:29'),
(144, 74, 'Dr. Richmond Shanahan', 'Hic aut eius sed unde dicta. Voluptatum modi numquam suscipit error voluptatem aut est. Aut modi est cupiditate ea aperiam quia voluptates quos.', 3, '2019-10-29 06:46:29', '2019-10-29 06:46:29'),
(145, 11, 'Isobel O\'Conner', 'Qui odit earum consequatur debitis. Quisquam nesciunt nihil ut eligendi. In maiores et dolorem labore.', 4, '2019-10-29 06:46:29', '2019-10-29 06:46:29'),
(146, 29, 'Matilda Mosciski', 'Possimus vitae sit porro dolorem et voluptatibus. Sed alias qui a et et quibusdam. Rem natus quod ducimus aut.', 5, '2019-10-29 06:46:29', '2019-10-29 06:46:29'),
(147, 58, 'Nestor Mraz II', 'Sequi delectus earum voluptatem et veniam. Dolores pariatur exercitationem ut omnis aut impedit est. Architecto dignissimos aut voluptas quidem repellat quibusdam qui. Est eos provident ut natus. Perferendis quod et pariatur nulla quam ullam voluptate et.', 4, '2019-10-29 06:46:29', '2019-10-29 06:46:29'),
(148, 30, 'Cristopher Schneider', 'Sunt quas doloribus rem aliquam nihil. Et ex dolores rem autem aut et aliquid aut. Dolorem dolorum omnis assumenda optio. Quas voluptatem voluptatem laboriosam sunt aut aut.', 2, '2019-10-29 06:46:29', '2019-10-29 06:46:29'),
(149, 1, 'Lorenza Lemke', 'Culpa aut fugiat perferendis consectetur. Aspernatur reiciendis placeat ipsum rerum cum. Sed maxime consectetur perspiciatis cupiditate et fugit.', 4, '2019-10-29 06:46:29', '2019-10-29 06:46:29'),
(150, 78, 'Mr. Anastacio Lowe', 'Rem commodi inventore eaque hic quia eveniet ut. Sint quasi minus facere qui dignissimos quia hic. Enim suscipit omnis perferendis.', 2, '2019-10-29 06:46:29', '2019-10-29 06:46:29'),
(151, 3, 'Arthur Gislason', 'Ipsam assumenda cumque ut est et et. Quas tenetur harum cumque voluptatem impedit aliquam occaecati. Sequi sint laborum expedita sed aperiam. Accusamus suscipit neque ut eos quo dicta. Eveniet provident nihil rerum iste facilis magnam qui et.', 1, '2019-10-29 06:46:29', '2019-10-29 06:46:29'),
(152, 83, 'Katelyn Fadel', 'Reiciendis hic voluptate et similique quos architecto fugiat. Dicta quaerat maxime ex amet debitis. Non recusandae porro voluptatem officiis tenetur quam. Sit consequatur modi et repudiandae.', 1, '2019-10-29 06:46:29', '2019-10-29 06:46:29'),
(153, 87, 'Prof. Alessandra Cartwright', 'Et eos cum numquam debitis. Qui blanditiis ipsam eos tempora voluptatem id.', 2, '2019-10-29 06:46:29', '2019-10-29 06:46:29'),
(154, 21, 'Austyn Borer', 'Occaecati consequatur illo blanditiis officiis. Dolor voluptas ab dolores vero et quaerat. Nihil ut et illo quia aut facilis.', 3, '2019-10-29 06:46:29', '2019-10-29 06:46:29'),
(155, 54, 'Prof. Kole Dicki', 'Ipsam magni quia cupiditate aut deleniti. Mollitia fuga quae rerum quis eos id natus.', 3, '2019-10-29 06:46:29', '2019-10-29 06:46:29'),
(156, 8, 'Assunta Crona', 'Debitis rerum molestias qui consequatur accusantium consequuntur. Deleniti placeat sunt cum rem et qui et. Quisquam adipisci quia eum consequuntur dolorum et tempora quibusdam. Dolor nobis dolor officia dolorem est saepe.', 5, '2019-10-29 06:46:29', '2019-10-29 06:46:29'),
(157, 72, 'Isaac Lockman', 'Et eum aut eveniet corporis quia beatae id. Temporibus velit rerum provident pariatur. Molestiae distinctio et consectetur officia temporibus. Eligendi harum voluptates quis tenetur.', 0, '2019-10-29 06:46:29', '2019-10-29 06:46:29'),
(158, 44, 'Olaf Hoeger', 'Ratione repudiandae est odio. Vel odio est et perferendis veniam ab. Ut qui nihil natus quam optio. Qui odio voluptatum tempora molestiae omnis fuga.', 5, '2019-10-29 06:46:29', '2019-10-29 06:46:29'),
(159, 69, 'Enos Greenfelder', 'Minima rerum quis vero et. Sit explicabo molestiae nemo exercitationem nemo aut. Ad illum cum dolor illum rerum.', 3, '2019-10-29 06:46:29', '2019-10-29 06:46:29'),
(160, 88, 'Miss Alda Ratke DVM', 'Sit asperiores neque neque deserunt similique. Necessitatibus itaque expedita beatae. Et fugit aut laboriosam necessitatibus.', 4, '2019-10-29 06:46:29', '2019-10-29 06:46:29'),
(161, 95, 'Jaqueline Leffler', 'At dicta excepturi quisquam id tempore. Possimus eos maiores facere vitae. Praesentium et tempore voluptatibus cupiditate voluptatem. Consequatur architecto veniam rerum optio corporis quas.', 3, '2019-10-29 06:46:29', '2019-10-29 06:46:29'),
(162, 3, 'Ashlynn Koepp III', 'Est corrupti cum sint molestiae. Ut deleniti ut autem veniam itaque. Quia unde ad sed maiores corporis. Eius sint quia ut voluptas quibusdam praesentium.', 4, '2019-10-29 06:46:29', '2019-10-29 06:46:29'),
(163, 85, 'Modesto Bailey DVM', 'Tenetur id omnis consequatur quod architecto quisquam iure. Et maxime deserunt voluptatem aliquid. Molestias enim quis et. Natus fuga repellendus temporibus soluta.', 3, '2019-10-29 06:46:29', '2019-10-29 06:46:29'),
(164, 93, 'Miss Paige Abernathy', 'Voluptatem eum voluptatibus in. Similique illo ut minima est aut eos. Facere at ut facilis quo ea explicabo iusto. Dolor tenetur omnis quae. Nesciunt aliquid voluptates et beatae.', 4, '2019-10-29 06:46:29', '2019-10-29 06:46:29'),
(165, 26, 'Carroll Nikolaus Jr.', 'Quo necessitatibus praesentium eveniet id non. Qui magnam et sit dolore et. Ea eum nam id nesciunt. Ut ab est itaque.', 4, '2019-10-29 06:46:29', '2019-10-29 06:46:29'),
(166, 5, 'Lula Kuvalis', 'Doloribus quas molestiae similique est hic provident et. Labore ab voluptatibus aut unde non tempore. Consequatur excepturi perferendis cumque recusandae repudiandae nulla. Ut accusantium in aliquid occaecati sint et facilis.', 3, '2019-10-29 06:46:29', '2019-10-29 06:46:29'),
(167, 41, 'Martine Purdy', 'Commodi magni velit fugiat beatae voluptatem quaerat. Nihil reiciendis eaque assumenda quasi aspernatur id. Neque sequi est occaecati pariatur dolor.', 2, '2019-10-29 06:46:29', '2019-10-29 06:46:29'),
(168, 32, 'Ms. Meggie Herzog', 'Aut ducimus aspernatur libero facilis saepe quis sit. Et dolores dicta in doloribus molestiae voluptatum. Eos est rerum nulla id dolorem.', 3, '2019-10-29 06:46:29', '2019-10-29 06:46:29'),
(169, 19, 'George Bosco', 'Rem consequatur consequuntur cumque repellendus. Quo qui sed rem eveniet velit repudiandae vero. Ipsam illum itaque aut ut repellendus qui. Quaerat magnam occaecati doloremque. Asperiores reiciendis praesentium nostrum quia quaerat.', 0, '2019-10-29 06:46:29', '2019-10-29 06:46:29'),
(170, 30, 'Robb Labadie IV', 'At dolorem consectetur expedita rerum. Molestiae laudantium totam vel eius vero sunt. Ut et in aut quia modi. Quia et omnis iusto soluta quos quasi.', 1, '2019-10-29 06:46:29', '2019-10-29 06:46:29'),
(171, 2, 'Prof. Madelyn Fahey', 'Quia deserunt reprehenderit sunt voluptatum aut ullam vitae aut. Qui maiores asperiores quia ea consectetur occaecati. Numquam reprehenderit sequi maxime voluptas sit. Quam qui quia expedita eum architecto soluta.', 1, '2019-10-29 06:46:29', '2019-10-29 06:46:29'),
(172, 15, 'Alexandre Mills IV', 'Libero sapiente et quos veniam. Culpa reprehenderit fuga aut amet. Quibusdam ut molestiae quod blanditiis nostrum neque veritatis.', 1, '2019-10-29 06:46:29', '2019-10-29 06:46:29'),
(173, 58, 'Glenna Funk', 'Suscipit sed repellat non porro quibusdam. Omnis et repudiandae eveniet. Eum et ut error ex mollitia veritatis iusto. Qui deserunt accusamus ut consequatur reiciendis possimus. Id beatae quia voluptates nemo provident debitis debitis.', 2, '2019-10-29 06:46:29', '2019-10-29 06:46:29'),
(174, 51, 'Hudson Donnelly V', 'Voluptatem aut quis sequi omnis suscipit omnis. Laudantium omnis aut animi voluptate consectetur officia occaecati. Quis sint molestiae ipsa sit. Rerum corrupti minus facere.', 5, '2019-10-29 06:46:29', '2019-10-29 06:46:29'),
(175, 48, 'Jarrod Herman', 'Possimus consequatur blanditiis est qui. Dolor illo et non accusantium. Recusandae aspernatur rerum ut eos ut iure aliquid itaque. Nostrum laboriosam expedita omnis porro odio facere quam.', 0, '2019-10-29 06:46:29', '2019-10-29 06:46:29'),
(176, 29, 'Citlalli Nolan', 'Dolor nobis rerum quis non vero. Quia natus et incidunt voluptas aut voluptas dolor. Ut eos facere nobis deleniti aliquam reiciendis. Omnis et non vel impedit.', 3, '2019-10-29 06:46:29', '2019-10-29 06:46:29'),
(177, 24, 'Morris Streich', 'Explicabo deleniti laborum rerum magni. Similique harum nisi autem dicta et doloremque. Incidunt beatae nulla dolor et est et ut. Adipisci blanditiis animi eius explicabo.', 0, '2019-10-29 06:46:29', '2019-10-29 06:46:29'),
(178, 11, 'Kaleb Morissette', 'Itaque sint sed repudiandae nisi praesentium. Eius adipisci doloribus vero quidem aut. Quam eligendi sed iure placeat.', 5, '2019-10-29 06:46:29', '2019-10-29 06:46:29'),
(179, 90, 'Christian Bins', 'Sed autem illo culpa qui laudantium tempora sed quisquam. Est quisquam fuga odit omnis. Molestiae quis non et quaerat. Quo ut et quia magni est consectetur blanditiis.', 2, '2019-10-29 06:46:29', '2019-10-29 06:46:29'),
(180, 5, 'Dr. Fausto Hodkiewicz PhD', 'Rerum sit repellat animi. Et nesciunt debitis id voluptatum porro illum ex. Explicabo sint eum aut magni. Laboriosam mollitia officia exercitationem aut ratione.', 1, '2019-10-29 06:46:29', '2019-10-29 06:46:29'),
(181, 88, 'Frieda Eichmann', 'Consequatur qui dolores error voluptatem enim optio qui fuga. Omnis fugiat ut omnis nemo molestias ipsum. Et quidem itaque reiciendis illum nam. Ut beatae qui eveniet accusamus labore cumque deserunt ea.', 4, '2019-10-29 06:46:29', '2019-10-29 06:46:29'),
(182, 100, 'Mr. Braxton O\'Connell', 'Quis aut fuga eum temporibus qui iusto. Quaerat illum in maiores doloremque.', 0, '2019-10-29 06:46:29', '2019-10-29 06:46:29'),
(183, 44, 'Ms. Myrtle Lebsack PhD', 'Et eum odio commodi vitae id eius in enim. Molestiae cumque dolor ex nihil quia et velit. Quasi sequi est accusamus maxime ipsam est distinctio nihil.', 3, '2019-10-29 06:46:29', '2019-10-29 06:46:29'),
(184, 11, 'Ms. Damaris Larkin II', 'Occaecati ab exercitationem voluptates quia rerum. Impedit ratione commodi sit fugiat adipisci voluptas. Odit aut qui veniam eveniet alias. Nesciunt modi dolor voluptates aut aperiam aut.', 4, '2019-10-29 06:46:29', '2019-10-29 06:46:29'),
(185, 15, 'Aaliyah Durgan', 'Ratione iste ex enim expedita nulla accusamus eos laudantium. Facilis et nesciunt dolor a aperiam corporis repellat. Omnis aut et rerum est est.', 1, '2019-10-29 06:46:29', '2019-10-29 06:46:29'),
(186, 83, 'Freda Orn', 'Harum qui sit est tenetur. Rerum amet ipsum expedita aliquid nulla vitae quo officiis. Unde voluptates ullam hic qui. Dolorem debitis mollitia ut rem in.', 2, '2019-10-29 06:46:29', '2019-10-29 06:46:29'),
(187, 13, 'Beryl Johnson', 'Non sed commodi eos asperiores ut facere maiores. Sunt sit voluptatum minus deleniti quas temporibus ut. Id non qui eveniet sed quia minima.', 5, '2019-10-29 06:46:29', '2019-10-29 06:46:29'),
(188, 93, 'Emely Cummings', 'Voluptate itaque sequi corporis sed facere. Velit sunt consequatur et aspernatur. Non saepe qui voluptas expedita rerum. Non optio et iste veniam dolorum.', 0, '2019-10-29 06:46:29', '2019-10-29 06:46:29'),
(189, 56, 'Gregg Hansen', 'Esse sunt omnis dolores ad est. Odio dolor officiis quidem aut. Cum atque nostrum sunt consequuntur doloribus. Sed ut similique est cum.', 2, '2019-10-29 06:46:29', '2019-10-29 06:46:29'),
(190, 24, 'Maiya Balistreri', 'Ut deleniti inventore repellat placeat sit aut beatae. Dolor facilis maiores quas enim quia soluta rerum. Libero libero sit autem animi excepturi aspernatur.', 5, '2019-10-29 06:46:29', '2019-10-29 06:46:29'),
(191, 78, 'Raven Fisher DVM', 'Dolor nisi pariatur dolores totam alias atque. Voluptatem ducimus dolorem corrupti beatae consequatur tenetur voluptatem. Ullam modi eum in corporis qui qui illum impedit. Quaerat dolor iure molestiae perspiciatis.', 1, '2019-10-29 06:46:29', '2019-10-29 06:46:29'),
(192, 20, 'Nyasia Stehr', 'Laudantium est molestiae illum molestias culpa ut inventore. Autem qui tempore aut tenetur.', 1, '2019-10-29 06:46:29', '2019-10-29 06:46:29'),
(193, 59, 'Spencer Kuphal', 'Voluptatibus et ad quae fugit et. Corporis eum quam ipsam delectus eum voluptatum.', 2, '2019-10-29 06:46:29', '2019-10-29 06:46:29'),
(194, 55, 'Dr. Leland Kerluke V', 'Pariatur quae vero quibusdam dignissimos asperiores. Qui consequatur est soluta sint est nisi molestiae maxime. Veniam aspernatur consequatur deleniti quos aperiam.', 0, '2019-10-29 06:46:29', '2019-10-29 06:46:29'),
(195, 3, 'Dr. Lazaro Lemke', 'Esse dicta rerum quam quo ratione amet. Reiciendis ut veniam recusandae. Id alias ut nobis minus.', 1, '2019-10-29 06:46:29', '2019-10-29 06:46:29'),
(196, 99, 'Nat Bailey', 'Excepturi dolores ut ut neque autem perspiciatis. Eum saepe veritatis omnis cum et adipisci. Commodi id culpa et corporis dicta enim. At pariatur eius ut provident.', 1, '2019-10-29 06:46:29', '2019-10-29 06:46:29'),
(197, 47, 'Andre Hettinger', 'Quia odio rem voluptatem quaerat. Voluptate qui deserunt distinctio accusantium aliquam eveniet. Expedita atque expedita est sed distinctio voluptas ut non.', 1, '2019-10-29 06:46:29', '2019-10-29 06:46:29'),
(198, 17, 'Faustino West', 'Dolor fugit quia dolorum eos et qui ea. Ut perspiciatis non recusandae. Ut modi necessitatibus reiciendis aut aut fuga. A dolore expedita aspernatur sequi adipisci eaque.', 4, '2019-10-29 06:46:29', '2019-10-29 06:46:29'),
(199, 65, 'Annabel Kub', 'Iste esse qui ab amet vero quos quia. Ut vitae libero unde ut. Voluptatibus aut voluptatem quisquam unde cum placeat officia.', 3, '2019-10-29 06:46:29', '2019-10-29 06:46:29'),
(200, 93, 'Chaim Kutch', 'Eum dolorum quo voluptatem ducimus quia totam omnis. Sunt accusamus voluptatum numquam qui ratione esse occaecati assumenda. Voluptatibus qui numquam aperiam tempore ab et.', 3, '2019-10-29 06:46:29', '2019-10-29 06:46:29'),
(201, 3, 'Elvis Ernser', 'Sint assumenda odio debitis voluptates quidem debitis. Sit iste repudiandae quia cum. Excepturi distinctio voluptatum ea molestiae. Quibusdam eligendi iste ab facilis qui nisi et. Sed aperiam eum et fugiat facilis tenetur.', 5, '2019-10-29 06:46:29', '2019-10-29 06:46:29'),
(202, 92, 'Golda Schuppe', 'Possimus nihil non ut et vel officiis dolorum. Quibusdam quas rerum ducimus debitis. Et quidem sed at architecto est aut.', 1, '2019-10-29 06:46:29', '2019-10-29 06:46:29'),
(203, 52, 'Hardy Fisher III', 'Culpa qui laudantium beatae nemo nostrum ut. Illo magnam eaque porro et architecto ducimus iure magnam. Minima sunt veritatis vel. Dignissimos ex dolor omnis ratione.', 0, '2019-10-29 06:46:29', '2019-10-29 06:46:29'),
(204, 46, 'Haylee Larkin', 'Nam impedit molestiae omnis sed. Rem sit maiores quidem dolores qui. Recusandae aut sint sequi reprehenderit vero.', 3, '2019-10-29 06:46:29', '2019-10-29 06:46:29'),
(205, 60, 'Prof. Daphnee Altenwerth MD', 'Suscipit odio animi fuga ut tempora animi ut. Incidunt dolorem necessitatibus porro sunt corrupti sit molestiae.', 5, '2019-10-29 06:46:29', '2019-10-29 06:46:29'),
(206, 26, 'Will Breitenberg', 'Atque id ipsa ut qui dolor consequuntur. Ut qui vero autem repellendus aut tenetur nulla. Dolores quis corrupti fuga aut sed. Tenetur veritatis eius adipisci ad voluptate.', 0, '2019-10-29 06:46:29', '2019-10-29 06:46:29'),
(207, 14, 'Dr. Jerrod Pfeffer', 'Eius tenetur rerum vero eum facere et. In asperiores dicta eum inventore est quaerat consectetur impedit. Voluptatibus soluta culpa delectus asperiores et deserunt magni. Debitis aperiam perferendis facere aliquid quia placeat.', 3, '2019-10-29 06:46:29', '2019-10-29 06:46:29'),
(208, 13, 'Prof. Presley Jaskolski', 'Aperiam veniam facilis deleniti dolores nam. Voluptatem distinctio nulla omnis corporis quis dolor. Nostrum explicabo occaecati dolor voluptate voluptatum saepe sit tempore.', 3, '2019-10-29 06:46:29', '2019-10-29 06:46:29'),
(209, 92, 'Dr. Obie Denesik', 'Ab et natus voluptatem. Voluptatem officiis excepturi quod est. Qui facilis dolorem dolorem rem. Et voluptas reprehenderit necessitatibus nisi dicta.', 1, '2019-10-29 06:46:29', '2019-10-29 06:46:29');
INSERT INTO `reviews` (`id`, `product_id`, `customer`, `review`, `star`, `created_at`, `updated_at`) VALUES
(210, 60, 'Ms. Katrina Fisher', 'Quia dolorem ratione accusamus assumenda nobis. Facere explicabo vitae voluptates a. Aspernatur voluptatem soluta asperiores deleniti sed odio. Et tempore voluptate excepturi quis aut excepturi excepturi.', 0, '2019-10-29 06:46:29', '2019-10-29 06:46:29'),
(211, 53, 'Ruth Greenholt PhD', 'Quidem corporis quia nihil. Nulla aliquid ad voluptatem voluptas ipsa consectetur. Id nemo labore et porro.', 0, '2019-10-29 06:46:29', '2019-10-29 06:46:29'),
(212, 66, 'Nash Purdy', 'Nobis eaque ipsam consequatur nostrum blanditiis rerum iste odio. Deserunt deleniti ad ipsa cumque. Rerum fugit alias deleniti porro corporis voluptatum suscipit. Repellat voluptates assumenda iure perferendis.', 5, '2019-10-29 06:46:29', '2019-10-29 06:46:29'),
(213, 4, 'Ms. Robyn Nicolas', 'Saepe eius nesciunt voluptatem. Qui consequatur ipsa quo. Aut voluptatem animi nam eum optio. Magnam voluptatum a distinctio labore.', 4, '2019-10-29 06:46:29', '2019-10-29 06:46:29'),
(214, 27, 'Gavin Wiza', 'Libero minima itaque veniam debitis iusto sapiente laudantium. Pariatur quidem rem nihil molestiae nihil necessitatibus odit. Et deleniti sint magni. Impedit nobis aperiam temporibus qui.', 3, '2019-10-29 06:46:29', '2019-10-29 06:46:29'),
(215, 84, 'Jonas Terry', 'Eius ut placeat corrupti ea illum ullam dolor laborum. Aut suscipit in non molestiae occaecati. Itaque quo voluptas maxime quas. Repellat dignissimos autem tempora optio dolorum aut.', 4, '2019-10-29 06:46:29', '2019-10-29 06:46:29'),
(216, 18, 'Rosendo Grady I', 'Aspernatur maiores enim dolorum totam sunt est laboriosam corporis. Cum modi sit molestias est sapiente ullam. Velit explicabo repellendus odio. Autem voluptatem cupiditate nisi quasi hic voluptate earum.', 0, '2019-10-29 06:46:29', '2019-10-29 06:46:29'),
(217, 7, 'Ben Emmerich', 'Nobis fugiat dolores dolorem ea. Accusantium eos natus modi impedit suscipit. Eligendi assumenda voluptas iure consequuntur sit amet reprehenderit minima. Consequatur illum voluptatem neque omnis et aliquid.', 1, '2019-10-29 06:46:29', '2019-10-29 06:46:29'),
(218, 58, 'Molly Kuvalis', 'Error vitae voluptates fuga et et qui repudiandae. Facere nesciunt est repellendus quisquam velit expedita culpa. Aut magnam ipsam aut magnam dolorum.', 2, '2019-10-29 06:46:29', '2019-10-29 06:46:29'),
(219, 13, 'Mrs. Ruby Walker', 'In quae distinctio adipisci consequatur laborum vitae. Facere quod quia omnis voluptates occaecati in accusantium numquam. Ut tempora molestias beatae aperiam enim soluta. Et qui quo quis quam. Aliquam nam iusto soluta quia perspiciatis tempore deleniti.', 3, '2019-10-29 06:46:29', '2019-10-29 06:46:29'),
(220, 51, 'Neoma O\'Hara', 'Repellat vel qui ut ipsum quibusdam quis qui. Sunt totam et et quis est corporis. Nesciunt voluptas ipsam facere vel incidunt. Cum ut expedita reiciendis ea qui.', 1, '2019-10-29 06:46:29', '2019-10-29 06:46:29'),
(221, 8, 'Orie Bogisich', 'Consequatur sapiente suscipit magni qui veniam cumque a quis. Soluta hic qui vel quod et id molestiae. Ea eius voluptatum minima cupiditate voluptatibus magnam omnis. Animi ea voluptatem aut qui. Voluptas iusto numquam ab.', 0, '2019-10-29 06:46:29', '2019-10-29 06:46:29'),
(222, 95, 'Darrell Klein', 'Dicta possimus id quisquam maiores ipsam aut cumque. Quos reiciendis nulla nobis voluptas harum. Voluptas labore voluptates dicta vel.', 3, '2019-10-29 06:46:29', '2019-10-29 06:46:29'),
(223, 25, 'Kiarra Armstrong', 'Modi autem porro perferendis voluptatum nulla et. Aut harum vitae non eos enim sapiente odit explicabo. Ipsum et blanditiis sed ea libero.', 1, '2019-10-29 06:46:29', '2019-10-29 06:46:29'),
(224, 11, 'Nicklaus Stroman', 'Vitae hic quidem voluptas consequatur. Exercitationem veritatis temporibus dignissimos est totam ex. Eum perspiciatis repudiandae hic ab minus placeat aliquid.', 2, '2019-10-29 06:46:29', '2019-10-29 06:46:29'),
(225, 25, 'Miss Amanda King', 'Voluptatem ex ipsa consequatur corrupti maiores ut id et. Facilis omnis accusantium voluptatem veritatis quia sint voluptatem. Et aut non aut odit eveniet dolorem accusamus. Itaque inventore sed vero dolor quibusdam. Sapiente nulla ut numquam et numquam nam.', 1, '2019-10-29 06:46:29', '2019-10-29 06:46:29'),
(226, 99, 'Mercedes Greenholt', 'Eaque repellat non enim alias reiciendis. Consequuntur sunt dolorem eveniet reprehenderit tempore labore et consequatur. Quos quia omnis porro deleniti esse dignissimos ut asperiores. Rerum et nesciunt perferendis doloremque.', 1, '2019-10-29 06:46:29', '2019-10-29 06:46:29'),
(227, 76, 'Dr. Annamarie Walsh', 'Molestiae dolorem rerum similique a amet et. Veniam dolor illo illo non veniam tenetur non. Voluptatem ad doloremque laborum est similique beatae ex. Iste dicta minima repudiandae quae corporis in vero. Tempora quia ipsa aut odio.', 1, '2019-10-29 06:46:29', '2019-10-29 06:46:29'),
(228, 39, 'Isac Feest', 'Optio ipsa suscipit quam facere. Velit itaque voluptatem dicta quisquam quae. Iusto quia eos voluptas voluptatum voluptas.', 5, '2019-10-29 06:46:29', '2019-10-29 06:46:29'),
(229, 71, 'Sandrine Konopelski', 'Nostrum dolorum voluptatem enim doloremque ipsa magni rerum exercitationem. Voluptatum deleniti est odio at dolor dolores sit dolores. Saepe enim repellat nulla et qui recusandae. Inventore reiciendis esse molestias inventore expedita consequatur occaecati.', 1, '2019-10-29 06:46:29', '2019-10-29 06:46:29'),
(230, 50, 'Dr. Colby Langworth II', 'Fuga itaque qui dignissimos asperiores beatae quia nobis. Et omnis necessitatibus et amet. Rerum doloremque ipsa impedit quae et culpa provident.', 1, '2019-10-29 06:46:29', '2019-10-29 06:46:29'),
(231, 60, 'Sonya Prohaska Jr.', 'Autem explicabo possimus laudantium nostrum modi. Sed rerum et et incidunt cumque aut. Odit dolorem aliquid ut unde quas.', 5, '2019-10-29 06:46:29', '2019-10-29 06:46:29'),
(232, 100, 'Jett Schiller', 'Expedita rerum vel nostrum cum. Deserunt hic illum quia incidunt. Vero nam dolores placeat quo voluptas libero.', 0, '2019-10-29 06:46:29', '2019-10-29 06:46:29'),
(233, 9, 'Skye Rowe', 'Nostrum consequatur harum unde est laborum sit. Repellendus necessitatibus iure quisquam dolorum et. Porro et corrupti et sint.', 3, '2019-10-29 06:46:29', '2019-10-29 06:46:29'),
(234, 62, 'Diana Bernier', 'Minus distinctio ea delectus. Dignissimos molestias esse non eos minus ducimus ratione.', 5, '2019-10-29 06:46:29', '2019-10-29 06:46:29'),
(235, 76, 'Nasir Schamberger', 'Eius sit aut officia quas voluptatum amet tempore. Aspernatur voluptatem dolores illo dolorum vero. Voluptatem fuga quo corporis omnis est. Quia quia veritatis repellendus et at.', 5, '2019-10-29 06:46:29', '2019-10-29 06:46:29'),
(236, 10, 'Ruthe Green DVM', 'Aut et distinctio dolores molestiae autem ipsum fugiat. Laborum voluptatem molestiae cum voluptatem ipsum iure odio. Aut praesentium aspernatur autem.', 2, '2019-10-29 06:46:29', '2019-10-29 06:46:29'),
(237, 65, 'Stefan Toy PhD', 'Quo velit assumenda a voluptatem qui. Eius aliquam et illum dolor. Excepturi cum voluptatum voluptatibus et. Inventore dolore facilis reiciendis quam quia.', 0, '2019-10-29 06:46:29', '2019-10-29 06:46:29'),
(238, 99, 'Vernon Beatty IV', 'Eaque tempore sint excepturi et tempore. Qui non facere sunt repellat. Fuga qui labore aut. Odio inventore et omnis optio debitis accusantium ab illo.', 5, '2019-10-29 06:46:29', '2019-10-29 06:46:29'),
(239, 7, 'Prof. Carlotta Dickinson', 'Consequatur ipsum est et tenetur maiores enim ut id. Commodi illum hic nisi rerum officiis dolores aut. Debitis velit iusto et qui. Velit earum sapiente rerum quos iste tempore.', 2, '2019-10-29 06:46:29', '2019-10-29 06:46:29'),
(240, 28, 'Mr. Royce Bradtke', 'Veniam facilis est est hic. Iste explicabo eos esse quia. Sed non sit nostrum.', 4, '2019-10-29 06:46:29', '2019-10-29 06:46:29'),
(241, 83, 'Dr. Luisa Wolff III', 'Molestiae et in quis repudiandae voluptas vero. Cum deleniti sint velit sed. Iure non maiores praesentium repellendus et. Quis animi est rerum odit.', 3, '2019-10-29 06:46:29', '2019-10-29 06:46:29'),
(242, 7, 'Lue Muller', 'Quia laudantium sit voluptatum sapiente. Tempore enim nemo delectus corrupti. Omnis eum ut qui.', 4, '2019-10-29 06:46:29', '2019-10-29 06:46:29'),
(243, 79, 'Al Reynolds', 'Rerum non et quaerat id laudantium. Sit molestiae ut sint et quibusdam quo. Optio illo et eveniet placeat.', 0, '2019-10-29 06:46:29', '2019-10-29 06:46:29'),
(244, 31, 'Dominique Schmitt', 'Fugiat voluptatem placeat est quaerat illo alias molestiae aut. Quae sunt sit aut et consectetur sint corrupti. Adipisci magni possimus placeat. Repellat non nesciunt magnam et cum sed aperiam.', 3, '2019-10-29 06:46:29', '2019-10-29 06:46:29'),
(245, 39, 'Telly West', 'Laborum tempore qui incidunt quam aut. Perferendis quasi reprehenderit odio consequatur natus. Delectus debitis vel sed. Voluptatibus vero explicabo aspernatur rerum harum commodi et.', 0, '2019-10-29 06:46:29', '2019-10-29 06:46:29'),
(246, 89, 'Prof. Oran Rogahn', 'Commodi illum similique ratione non quidem sapiente. Rerum aut suscipit magni perferendis facilis ex tenetur. Ut pariatur quae qui esse similique optio nemo. Non aut culpa placeat exercitationem.', 0, '2019-10-29 06:46:29', '2019-10-29 06:46:29'),
(247, 97, 'Kassandra D\'Amore I', 'Error voluptates et placeat quis aliquam aut fuga. Consequatur et sed eum molestias nisi perspiciatis.', 3, '2019-10-29 06:46:29', '2019-10-29 06:46:29'),
(248, 28, 'Manuel Rutherford', 'Voluptas est sapiente expedita alias doloribus quos aperiam. Ea perferendis delectus distinctio consequatur eaque. Laborum laborum eum incidunt amet quia et.', 3, '2019-10-29 06:46:29', '2019-10-29 06:46:29'),
(249, 51, 'Ms. Piper Stracke Sr.', 'Qui non illum veritatis. Harum est cupiditate rerum fuga. Alias voluptas est et inventore aliquam. Labore ad quae ut dolorem.', 3, '2019-10-29 06:46:29', '2019-10-29 06:46:29'),
(250, 64, 'Dr. Meredith O\'Hara II', 'Eos vel quasi consequuntur necessitatibus rem molestiae sit esse. Dignissimos nihil doloribus ut. Vitae qui amet nam omnis. Similique veniam necessitatibus velit eligendi voluptatem qui beatae.', 0, '2019-10-29 06:46:29', '2019-10-29 06:46:29'),
(251, 14, 'Ettie Braun', 'Quia impedit itaque minus ea molestias. Libero ipsum corrupti est ipsum non voluptas. Illo doloremque velit voluptatem a est.', 4, '2019-10-29 06:46:29', '2019-10-29 06:46:29'),
(252, 96, 'Frankie Lockman', 'Quos quae possimus animi et eligendi. Officia ut vel similique ducimus et asperiores sint. Est eaque occaecati necessitatibus ea vero sequi fugiat. Architecto odio asperiores corrupti voluptatem est.', 4, '2019-10-29 06:46:29', '2019-10-29 06:46:29'),
(253, 67, 'Prof. Jabari Collins PhD', 'Perferendis et facilis harum aperiam quidem debitis dolor. Enim qui dolore sequi magnam sint. Qui harum sapiente mollitia minus.', 0, '2019-10-29 06:46:29', '2019-10-29 06:46:29'),
(254, 84, 'Dr. Ines Hirthe DDS', 'In facere tempora quia excepturi in debitis eum. Vitae harum dolorem molestias expedita maiores eos. Et porro sunt porro dicta est vel ducimus. Et voluptatem et non beatae.', 3, '2019-10-29 06:46:29', '2019-10-29 06:46:29'),
(255, 32, 'Willis Bergstrom', 'Enim est sapiente ut placeat. Dolorum quidem ea ratione quia est animi. Provident qui quia et.', 1, '2019-10-29 06:46:29', '2019-10-29 06:46:29'),
(256, 84, 'Eliza Herman', 'Iste quibusdam laboriosam sed nostrum sed et est. Veritatis quia soluta tempora excepturi qui nulla quos expedita. Officia molestiae laborum rem vitae consequatur laboriosam laborum. Rerum laudantium rerum ut pariatur omnis.', 4, '2019-10-29 06:46:29', '2019-10-29 06:46:29'),
(257, 73, 'Ewell Mohr', 'Nobis modi temporibus ut dolorem. Odit suscipit quam qui. Sequi natus voluptatibus ea ipsum totam porro perspiciatis.', 5, '2019-10-29 06:46:29', '2019-10-29 06:46:29'),
(258, 71, 'Dr. Kavon Rohan', 'Odit dolor voluptas consequatur cumque iste ab. Voluptatibus quasi rerum quam pariatur excepturi accusantium. Dolorem qui molestiae iusto sit repellendus harum vel dolorem. Sequi magni rerum sit eos est.', 5, '2019-10-29 06:46:29', '2019-10-29 06:46:29'),
(259, 98, 'Nikko Dicki', 'Corporis animi repudiandae vel et perspiciatis. Natus et blanditiis nihil vitae facilis. Suscipit dolores aut nulla est.', 0, '2019-10-29 06:46:29', '2019-10-29 06:46:29'),
(260, 61, 'Gaston McKenzie', 'Ad harum non tempora beatae nam. Sed modi et aliquam eos ipsa beatae laborum. Corrupti iusto in consequatur officiis qui voluptatem porro. Et possimus velit quas aut unde.', 3, '2019-10-29 06:46:29', '2019-10-29 06:46:29'),
(261, 22, 'Ms. Beatrice Kunze V', 'Commodi debitis aliquid ea cum. Dolore dicta laboriosam reiciendis amet. Quae consequuntur ab id unde. Dolorum vero quo velit magni qui quod.', 2, '2019-10-29 06:46:29', '2019-10-29 06:46:29'),
(262, 55, 'Leann Schmidt DDS', 'Quasi omnis repudiandae dolore voluptas voluptatem. Temporibus aliquam facilis quae officiis. Eos hic error repellendus est. Dignissimos cupiditate maxime totam ea asperiores incidunt.', 1, '2019-10-29 06:46:29', '2019-10-29 06:46:29'),
(263, 86, 'Marlene Stroman', 'Et mollitia suscipit recusandae aliquam ipsa. Minus quia labore iusto. Maiores et voluptas et ut.', 0, '2019-10-29 06:46:29', '2019-10-29 06:46:29'),
(264, 50, 'Lelah Bruen', 'Temporibus repudiandae ipsa minus facilis et enim et. Dolor dolorum voluptas tempora.', 0, '2019-10-29 06:46:29', '2019-10-29 06:46:29'),
(265, 15, 'Sylvester Schowalter', 'Suscipit ut commodi minus. Doloribus voluptas corporis sit est. Aut aut enim ullam est reiciendis omnis. Molestiae aut doloribus quia exercitationem praesentium.', 0, '2019-10-29 06:46:29', '2019-10-29 06:46:29'),
(266, 7, 'Tanner Orn', 'Reprehenderit sunt aspernatur excepturi optio aperiam. Quam nihil harum optio officiis. Et ut facere suscipit assumenda vero id. Laudantium eligendi et dignissimos atque.', 3, '2019-10-29 06:46:29', '2019-10-29 06:46:29'),
(267, 29, 'Ms. Tomasa Spinka V', 'Non deserunt voluptate numquam voluptatibus. Adipisci maiores impedit numquam et architecto at. Culpa et doloribus quasi cumque non maxime illo. Quae molestiae eveniet pariatur. Assumenda quia omnis pariatur.', 3, '2019-10-29 06:46:29', '2019-10-29 06:46:29'),
(268, 64, 'Shana Kuphal MD', 'Tenetur mollitia possimus eius iure illum ut rem laboriosam. Mollitia qui et et eligendi. Inventore occaecati cupiditate illo magnam dolor. Dolor a animi minima eum.', 2, '2019-10-29 06:46:29', '2019-10-29 06:46:29'),
(269, 34, 'Cornell Treutel DVM', 'Quia accusantium voluptatibus nam. In voluptas nisi consectetur cumque. Officiis nihil earum accusantium enim sunt sit eaque.', 2, '2019-10-29 06:46:29', '2019-10-29 06:46:29'),
(270, 14, 'Shawna Hermann', 'Optio suscipit doloribus voluptatem tempora sit qui ut. Neque sed voluptas qui quo aut non. Aperiam ducimus similique eligendi iste sit. Natus assumenda ad eius dignissimos ut praesentium. Autem sequi voluptas delectus doloribus.', 2, '2019-10-29 06:46:29', '2019-10-29 06:46:29'),
(271, 92, 'Jeremie Bode', 'Temporibus omnis earum in in voluptatem et quasi. Perferendis qui culpa dolorum doloremque quia doloribus.', 2, '2019-10-29 06:46:29', '2019-10-29 06:46:29'),
(272, 13, 'Otto Wilkinson', 'Commodi occaecati quis eos placeat culpa ut. Ab placeat et laudantium facere voluptatem. Similique ipsa tempora recusandae. Sunt animi ea consequuntur ex sed aut facere eum.', 1, '2019-10-29 06:46:29', '2019-10-29 06:46:29'),
(273, 43, 'Miss Karianne Feil DVM', 'Tenetur autem eveniet fugiat enim sed reprehenderit. Magnam vel voluptatibus fugiat corrupti deserunt ullam. Omnis mollitia vel eum ab delectus maiores. Qui distinctio natus quasi non velit.', 1, '2019-10-29 06:46:29', '2019-10-29 06:46:29'),
(274, 98, 'Coleman Rempel', 'Aliquam nostrum eius sit. Et dolorum nihil temporibus rerum in inventore vitae. Quia repellendus maiores eius corporis exercitationem sunt voluptate. A nulla sint quae sint id nulla.', 4, '2019-10-29 06:46:29', '2019-10-29 06:46:29'),
(275, 14, 'Ewell Prohaska', 'Sunt rerum sequi praesentium itaque autem. Et deleniti minima eos voluptatem adipisci. Accusantium odit aut et aut aut hic non.', 1, '2019-10-29 06:46:29', '2019-10-29 06:46:29'),
(276, 97, 'Dorothea Boyer', 'Eos quaerat ut sunt expedita inventore. Nulla qui sed expedita et debitis id. Dolores tempora fugiat deleniti eum qui rerum quia aperiam.', 5, '2019-10-29 06:46:29', '2019-10-29 06:46:29'),
(277, 98, 'Hassie Rippin I', 'Qui et hic amet voluptatibus voluptatem. Voluptatem non officia rerum veniam quia voluptate sunt. Ut et laboriosam eligendi ut odit natus et sit. Voluptatem in omnis a ducimus sed quod quia.', 2, '2019-10-29 06:46:29', '2019-10-29 06:46:29'),
(278, 94, 'Autumn Gerhold', 'Ex dolore culpa earum id repudiandae laboriosam consequatur. Harum libero rem quo odio porro. Natus soluta sit commodi nesciunt eos quidem sunt. Perferendis non molestiae expedita qui suscipit possimus.', 4, '2019-10-29 06:46:29', '2019-10-29 06:46:29'),
(279, 43, 'Ressie Sporer', 'Corporis quos atque excepturi cumque quis quis fuga. Sed necessitatibus omnis enim aut. Necessitatibus voluptatem enim blanditiis odit quidem eum dolores.', 2, '2019-10-29 06:46:29', '2019-10-29 06:46:29'),
(280, 55, 'Kelli Harvey', 'Optio labore repellat impedit. Facere neque non modi odit reiciendis quas autem exercitationem. Sint blanditiis placeat aut.', 2, '2019-10-29 06:46:29', '2019-10-29 06:46:29'),
(281, 13, 'Tabitha Wisozk III', 'Odit et molestiae ut quia et natus omnis. Deserunt pariatur qui dolorum amet unde. Id nihil doloribus sed laudantium voluptates. Natus vero qui laborum ex vitae fuga rem sapiente.', 5, '2019-10-29 06:46:29', '2019-10-29 06:46:29'),
(282, 28, 'Haleigh Paucek', 'Dolorem non unde ut sunt ut. Iusto earum dicta earum recusandae ut. Aut inventore consectetur voluptas blanditiis vel. Aut adipisci aut voluptatem quo nemo dolor.', 0, '2019-10-29 06:46:29', '2019-10-29 06:46:29'),
(283, 78, 'Vito Metz', 'Aliquam velit facere porro aperiam commodi. Aut sint sunt omnis fugiat quam debitis. Fugiat eligendi reprehenderit magnam. Facilis accusantium minus in delectus ipsam enim. Quasi vel dignissimos non quos incidunt.', 3, '2019-10-29 06:46:29', '2019-10-29 06:46:29'),
(284, 11, 'Terrill Rutherford', 'Atque rerum voluptas placeat exercitationem et id cumque. Ut sit modi unde cumque quaerat. Est est quae natus non.', 5, '2019-10-29 06:46:29', '2019-10-29 06:46:29'),
(285, 26, 'Kim Beatty', 'Quaerat pariatur est magnam eligendi ea. Voluptas iure consequatur soluta vel exercitationem maxime.', 4, '2019-10-29 06:46:29', '2019-10-29 06:46:29'),
(286, 66, 'Dakota Leuschke', 'Quia autem quas nisi blanditiis qui. Laborum omnis eos iure consequuntur nam dolore. Autem dolor voluptatibus earum ut expedita et.', 2, '2019-10-29 06:46:29', '2019-10-29 06:46:29'),
(287, 63, 'Maeve Lebsack', 'Exercitationem est voluptatem sint perferendis odit quam omnis. Ut debitis voluptate voluptatem amet sint cum.', 0, '2019-10-29 06:46:29', '2019-10-29 06:46:29'),
(288, 81, 'Lindsay Tremblay', 'Nemo voluptas nisi similique vel aut dolor ab velit. Est dolor praesentium facilis sequi ut nulla. Ex quod a illum ea accusantium ut. Doloremque voluptatibus voluptatem corrupti eaque quia reiciendis possimus.', 3, '2019-10-29 06:46:29', '2019-10-29 06:46:29'),
(289, 13, 'Ulises Bartell', 'Et ratione enim voluptatem iure. Eveniet sint error qui beatae velit animi. Neque voluptatem enim est similique veniam totam nostrum et. Fuga enim eum voluptas harum magnam.', 5, '2019-10-29 06:46:29', '2019-10-29 06:46:29'),
(290, 62, 'Prof. Russell Pfannerstill', 'Harum error pariatur nulla tempore nostrum iusto. Magni aspernatur qui repellendus. Placeat molestiae quaerat vitae inventore ratione veritatis.', 2, '2019-10-29 06:46:29', '2019-10-29 06:46:29'),
(291, 96, 'Francisca Lindgren', 'Incidunt itaque unde dolores sit quis error beatae. Laboriosam tenetur et et unde neque natus est.', 4, '2019-10-29 06:46:29', '2019-10-29 06:46:29'),
(292, 51, 'Bernard Stracke', 'Aut sunt maiores et sed nihil et. Voluptas rerum tempora doloribus eius qui sed. Eos unde error in ea et laudantium.', 4, '2019-10-29 06:46:29', '2019-10-29 06:46:29'),
(293, 78, 'Mervin Bergstrom', 'Velit ut natus omnis occaecati beatae minima. Vel est inventore ab. Eius debitis saepe dolorem aliquid tempora ex. Quaerat nisi labore dolores. Placeat rerum est tempora in dolor ea.', 4, '2019-10-29 06:46:29', '2019-10-29 06:46:29'),
(294, 58, 'Noemy Mosciski DDS', 'Optio voluptatum sit consectetur. Nobis soluta nam omnis veritatis harum dolorem aut pariatur. Qui quia iusto vitae et aut ea accusamus.', 4, '2019-10-29 06:46:29', '2019-10-29 06:46:29'),
(295, 34, 'Bell Koch II', 'Veniam nostrum voluptatem optio sed est nobis cumque blanditiis. Ut in dolor voluptatibus facere nihil fuga. Aliquam earum velit commodi reprehenderit doloribus. Et culpa corporis cumque accusantium non mollitia.', 5, '2019-10-29 06:46:29', '2019-10-29 06:46:29'),
(296, 84, 'Rae Murphy I', 'Voluptatem quia et dignissimos consequatur iusto nemo et. Amet nihil fugit mollitia. Et quis alias placeat esse sed. Voluptatem ex placeat explicabo perferendis earum.', 1, '2019-10-29 06:46:29', '2019-10-29 06:46:29'),
(297, 17, 'Cassandra Stanton', 'Perferendis incidunt aut accusamus molestias sed. Nihil aut ea amet sed. Corrupti ab quas consequatur et. Nulla magnam veritatis aperiam eum quo culpa ea.', 4, '2019-10-29 06:46:29', '2019-10-29 06:46:29'),
(298, 31, 'Leopold Ullrich', 'Nihil ipsum quasi nam laboriosam itaque qui. Qui praesentium dolorum nihil quia ad perspiciatis. Hic in neque et velit commodi praesentium. Aut beatae velit aut sapiente quam consequatur cupiditate. Et quae qui adipisci qui deleniti consectetur.', 5, '2019-10-29 06:46:29', '2019-10-29 06:46:29'),
(299, 43, 'Mrs. Lelah Jacobson', 'Consectetur ut tempora corrupti voluptates non. Non et et est provident eveniet quod quasi. Dolor odit vitae est et qui et consequuntur ad. Aut hic possimus ut cumque facere cum.', 0, '2019-10-29 06:46:29', '2019-10-29 06:46:29'),
(300, 77, 'Alayna Gislason', 'Qui harum ipsa voluptatem ipsa odio. Ullam rerum tempore ipsam vitae quasi cupiditate officia. Voluptatem quia repellendus delectus animi id qui.', 5, '2019-10-29 06:46:29', '2019-10-29 06:46:29');

-- --------------------------------------------------------

--
-- Table structure for table `users`
--

CREATE TABLE `users` (
  `id` bigint(20) UNSIGNED NOT NULL,
  `name` varchar(255) COLLATE utf8mb4_unicode_ci NOT NULL,
  `email` varchar(255) COLLATE utf8mb4_unicode_ci NOT NULL,
  `email_verified_at` timestamp NULL DEFAULT NULL,
  `password` varchar(255) COLLATE utf8mb4_unicode_ci NOT NULL,
  `remember_token` varchar(100) COLLATE utf8mb4_unicode_ci DEFAULT NULL,
  `created_at` timestamp NULL DEFAULT NULL,
  `updated_at` timestamp NULL DEFAULT NULL
) ENGINE=InnoDB DEFAULT CHARSET=utf8mb4 COLLATE=utf8mb4_unicode_ci;

--
-- Indexes for dumped tables
--

--
-- Indexes for table `migrations`
--
ALTER TABLE `migrations`
  ADD PRIMARY KEY (`id`);

--
-- Indexes for table `password_resets`
--
ALTER TABLE `password_resets`
  ADD KEY `password_resets_email_index` (`email`);

--
-- Indexes for table `products`
--
ALTER TABLE `products`
  ADD PRIMARY KEY (`id`);

--
-- Indexes for table `reviews`
--
ALTER TABLE `reviews`
  ADD PRIMARY KEY (`id`),
  ADD KEY `reviews_product_id_index` (`product_id`);

--
-- Indexes for table `users`
--
ALTER TABLE `users`
  ADD PRIMARY KEY (`id`),
  ADD UNIQUE KEY `users_email_unique` (`email`);

--
-- AUTO_INCREMENT for dumped tables
--

--
-- AUTO_INCREMENT for table `migrations`
--
ALTER TABLE `migrations`
  MODIFY `id` int(10) UNSIGNED NOT NULL AUTO_INCREMENT, AUTO_INCREMENT=5;

--
-- AUTO_INCREMENT for table `products`
--
ALTER TABLE `products`
  MODIFY `id` int(10) UNSIGNED NOT NULL AUTO_INCREMENT, AUTO_INCREMENT=101;

--
-- AUTO_INCREMENT for table `reviews`
--
ALTER TABLE `reviews`
  MODIFY `id` int(10) UNSIGNED NOT NULL AUTO_INCREMENT, AUTO_INCREMENT=301;

--
-- AUTO_INCREMENT for table `users`
--
ALTER TABLE `users`
  MODIFY `id` bigint(20) UNSIGNED NOT NULL AUTO_INCREMENT;

--
-- Constraints for dumped tables
--

--
-- Constraints for table `reviews`
--
ALTER TABLE `reviews`
  ADD CONSTRAINT `reviews_product_id_foreign` FOREIGN KEY (`product_id`) REFERENCES `products` (`id`) ON DELETE CASCADE;

/*!40101 SET CHARACTER_SET_CLIENT=@OLD_CHARACTER_SET_CLIENT */;
/*!40101 SET CHARACTER_SET_RESULTS=@OLD_CHARACTER_SET_RESULTS */;
/*!40101 SET COLLATION_CONNECTION=@OLD_COLLATION_CONNECTION */;
